customer_id,age,gender,city,signup_date,customer_rating
C00001,56,Female,Bangalore,2025-07-17,4.5
C00002,46,Male,Mumbai,2023-09-13,3.2
C00003,32,Male,Bangalore,2024-06-13,3.6
C00004,60,Female,Delhi,2024-04-17,4.1
C00005,25,Male,Delhi,2025-11-01,4.1
C00006,38,Female,Delhi,2025-08-27,4.2
C00007,56,Female,Hyderabad,2026-04-20,3.3
C00008,36,Male,Delhi,2023-11-20,3.8
C00009,40,Male,Mumbai,2024-11-21,4.2
C00010,28,Male,Chennai,2023-09-18,4.9
C00011,28,Female,Bangalore,2024-04-12,4.5
C00012,41,Male,Hyderabad,2025-02-20,4.8
C00013,53,Male,Delhi,2023-09-15,4.5
C00014,57,Male,Delhi,2024-03-21,4.2
C00015,41,Female,Chennai,2025-07-29,3.4
C00016,20,Male,Chennai,2025-04-05,4.3
C00017,39,Male,Hyderabad,2024-04-14,4.2
C00018,19,Female,Bangalore,2025-05-23,4.2
C00019,41,Female,Delhi,2026-01-20,4.0
C00020,61,Male,Hyderabad,2023-08-24,4.1
C00021,47,Male,Mumbai,2026-01-16,3.7
C00022,55,Male,Mumbai,2025-09-20,4.0
C00023,19,Female,Hyderabad,2024-08-23,3.4
C00024,38,Male,Delhi,2024-02-03,4.6
C00025,50,Female,Hyderabad,2026-07-01,3.4
C00026,29,Female,Delhi,2024-08-19,3.2
C00027,39,Female,Chennai,2023-11-26,3.9
C00028,61,Male,Hyderabad,2023-12-01,4.3
C00029,42,Female,Delhi,2026-03-02,3.9
C00030,44,Female,Hyderabad,2025-06-08,3.6
C00031,59,Female,Hyderabad,2026-01-17,4.1
C00032,45,Male,Delhi,2025-10-24,3.7
C00033,33,Other,Delhi,2025-03-26,4.9
C00034,32,Male,Bangalore,2026-07-18,4.8
C00035,64,Male,Hyderabad,2024-10-04,4.0
C00036,61,Male,Mumbai,2025-04-13,3.7
C00037,20,Female,Hyderabad,2026-02-11,4.5
C00038,54,Male,Hyderabad,2025-06-24,3.1
C00039,24,Male,Delhi,2026-03-18,3.9
C00040,38,Male,Hyderabad,2025-05-10,3.7
C00041,26,Male,Hyderabad,2025-09-27,4.8
C00042,56,Female,Mumbai,2023-10-06,3.0
C00043,35,Female,Delhi,2024-04-22,4.1
C00044,21,Male,Hyderabad,2024-06-29,4.5
C00045,42,Male,Chennai,2023-11-12,4.0
C00046,31,Female,Bangalore,2024-04-28,3.2
C00047,26,Male,Mumbai,2023-12-05,4.9
C00048,43,Male,Hyderabad,2024-06-16,4.0
C00049,19,Other,Chennai,2025-07-13,4.2
C00050,37,Female,Hyderabad,2024-09-19,3.5
C00051,45,Male,Hyderabad,2024-09-25,4.0
C00052,64,Female,Delhi,2024-04-02,3.9
C00053,24,Male,Delhi,2024-06-04,3.1
C00054,61,Female,Delhi,2026-06-08,3.2
C00055,25,Male,Chennai,2025-07-27,4.7
C00056,64,Male,Hyderabad,2025-06-14,3.5
C00057,52,Male,Bangalore,2024-02-20,3.4
C00058,31,Female,Mumbai,2025-10-24,4.0
C00059,34,Female,Delhi,2024-02-12,4.5
C00060,53,Male,Delhi,2024-10-05,3.1
C00061,57,Male,Hyderabad,2026-08-05,4.2
C00062,21,Female,Hyderabad,2025-07-18,3.2
C00063,19,Male,Chennai,2025-04-18,3.1
C00064,23,Male,Chennai,2025-09-05,3.1
C00065,59,Other,Delhi,2026-02-25,4.7
C00066,21,Male,Hyderabad,2025-12-14,3.2
C00067,46,Female,Bangalore,2024-04-24,3.1
C00068,35,Other,Mumbai,2023-09-21,3.9
C00069,43,Male,Hyderabad,2024-07-27,4.7
C00070,61,Male,Hyderabad,2024-06-05,3.5
C00071,51,Male,Chennai,2024-04-04,3.8
C00072,27,Female,Mumbai,2026-06-15,3.1
C00073,53,Female,Delhi,2026-04-03,3.9
C00074,31,Female,Hyderabad,2024-07-26,4.2
C00075,48,Male,Delhi,2025-08-04,4.1
C00076,32,Female,Hyderabad,2024-10-23,3.7
C00077,25,Female,Delhi,2026-05-15,3.6
C00078,31,Female,Mumbai,2024-12-31,3.2
C00079,40,Female,Chennai,2024-06-02,3.7
C00080,57,Female,Mumbai,2024-05-13,3.2
C00081,38,Female,Bangalore,2025-04-23,4.5
C00082,33,Female,Chennai,2024-05-30,4.9
C00083,62,Male,Mumbai,2025-05-18,4.9
C00084,35,Male,Bangalore,2026-04-27,4.7
C00085,64,Female,Hyderabad,2024-10-27,4.2
C00086,41,Male,Hyderabad,2024-04-13,4.4
C00087,43,Female,Delhi,2026-08-14,3.6
C00088,42,Other,Chennai,2025-02-25,4.3
C00089,62,Female,Hyderabad,2023-11-24,3.9
C00090,58,Male,Chennai,2023-10-07,4.0
C00091,46,Male,Hyderabad,2023-12-15,4.5
C00092,32,Male,Delhi,2025-07-04,3.6
C00093,62,Female,Mumbai,2026-01-01,3.6
C00094,18,Female,Delhi,2024-11-21,4.8
C00095,42,Female,Bangalore,2023-10-25,3.1
C00096,24,Male,Hyderabad,2024-10-08,4.0
C00097,26,Female,Bangalore,2026-08-12,4.8
C00098,41,Female,Bangalore,2025-03-18,4.2
C00099,18,Male,Chennai,2026-07-16,4.1
C00100,61,Female,Hyderabad,2026-03-17,3.5
C00101,25,Male,Bangalore,2023-08-29,3.7
C00102,41,Male,Mumbai,2025-10-14,4.7
C00103,28,Female,Bangalore,2025-09-02,4.1
C00104,34,Male,Mumbai,2025-03-27,4.0
C00105,25,Female,Chennai,2024-06-04,3.2
C00106,52,Female,Bangalore,2025-07-19,3.0
C00107,52,Female,Delhi,2023-12-17,4.9
C00108,50,Male,Chennai,2024-12-05,3.8
C00109,22,Female,Mumbai,2024-12-26,4.2
C00110,59,Female,Chennai,2026-06-27,3.2
C00111,56,Female,Bangalore,2026-04-02,4.4
C00112,58,Male,Hyderabad,2024-05-31,4.9
C00113,45,Male,Hyderabad,2025-02-15,4.2
C00114,24,Female,Mumbai,2024-02-28,3.3
C00115,26,Male,Mumbai,2026-05-13,4.2
C00116,25,Female,Hyderabad,2026-03-28,4.5
C00117,29,Female,Mumbai,2024-07-09,3.8
C00118,51,Female,Chennai,2025-07-17,4.8
C00119,50,Female,Delhi,2025-06-14,4.3
C00120,40,Female,Delhi,2024-01-31,4.8
C00121,41,Female,Chennai,2025-11-29,4.2
C00122,54,Female,Delhi,2025-03-30,3.3
C00123,52,Female,Bangalore,2025-12-17,3.6
C00124,61,Male,Chennai,2025-03-20,3.4
C00125,57,Male,Mumbai,2023-08-17,4.8
C00126,39,Female,Chennai,2024-08-06,4.5
C00127,44,Male,Hyderabad,2023-09-07,4.4
C00128,52,Male,Mumbai,2026-05-31,3.6
C00129,18,Male,Hyderabad,2026-04-06,3.4
C00130,52,Female,Mumbai,2026-02-13,4.5
C00131,54,Female,Delhi,2024-07-19,3.9
C00132,64,Female,Chennai,2023-10-19,3.5
C00133,31,Female,Bangalore,2026-04-05,4.2
C00134,20,Female,Mumbai,2026-06-19,3.1
C00135,18,Male,Mumbai,2023-11-18,3.7
C00136,22,Female,Hyderabad,2025-01-30,3.9
C00137,43,Male,Delhi,2023-10-31,3.3
C00138,31,Female,Hyderabad,2025-11-27,5.0
C00139,56,Female,Hyderabad,2025-12-03,3.4
C00140,44,Male,Delhi,2024-01-04,3.3
C00141,26,Male,Bangalore,2025-01-18,3.4
C00142,32,Male,Hyderabad,2025-04-10,4.5
C00143,32,Male,Hyderabad,2024-06-02,3.9
C00144,43,Male,Mumbai,2026-03-30,4.1
C00145,59,Female,Delhi,2024-11-22,3.0
C00146,30,Female,Chennai,2024-04-05,3.1
C00147,49,Female,Bangalore,2025-03-30,3.9
C00148,56,Female,Bangalore,2025-10-25,4.6
C00149,49,Female,Delhi,2024-03-24,4.8
C00150,21,Female,Mumbai,2024-07-23,3.2
C00151,47,Male,Mumbai,2026-08-11,4.1
C00152,54,Female,Delhi,2025-07-29,4.8
C00153,40,Male,Mumbai,2024-12-09,3.8
C00154,56,Other,Bangalore,2025-03-06,4.7
C00155,62,Female,Bangalore,2023-12-27,3.3
C00156,32,Female,Chennai,2024-04-19,4.9
C00157,60,Male,Delhi,2024-08-21,4.5
C00158,46,Female,Hyderabad,2025-05-22,4.9
C00159,53,Female,Hyderabad,2024-04-25,4.4
C00160,30,Male,Chennai,2024-04-14,3.7
C00161,49,Male,Chennai,2023-11-02,4.9
C00162,24,Female,Mumbai,2025-07-08,3.6
C00163,39,Male,Chennai,2024-04-23,3.7
C00164,45,Female,Chennai,2026-05-05,4.4
C00165,19,Male,Hyderabad,2026-03-16,4.5
C00166,59,Male,Mumbai,2023-11-02,4.9
C00167,62,Female,Chennai,2024-05-03,3.4
C00168,23,Male,Chennai,2025-08-19,4.6
C00169,45,Female,Mumbai,2024-04-07,4.5
C00170,45,Male,Delhi,2024-01-09,3.1
C00171,61,Male,Mumbai,2026-06-07,3.8
C00172,61,Female,Hyderabad,2025-05-03,3.6
C00173,37,Female,Delhi,2025-01-16,3.6
C00174,47,Female,Bangalore,2025-12-23,5.0
C00175,28,Female,Mumbai,2026-01-18,4.3
C00176,45,Female,Hyderabad,2024-03-12,4.4
C00177,42,Male,Delhi,2023-12-01,5.0
C00178,56,Male,Mumbai,2024-12-01,3.8
C00179,50,Female,Chennai,2024-11-23,4.6
C00180,18,Female,Mumbai,2025-01-09,3.9
C00181,44,Female,Bangalore,2025-10-24,4.7
C00182,30,Male,Mumbai,2025-08-24,3.4
C00183,58,Male,Delhi,2026-07-30,4.9
C00184,20,Female,Delhi,2023-12-02,3.4
C00185,56,Female,Mumbai,2024-10-31,3.7
C00186,23,Female,Delhi,2024-08-22,4.5
C00187,25,Female,Chennai,2026-03-18,3.8
C00188,44,Female,Mumbai,2024-05-15,4.2
C00189,26,Male,Chennai,2024-03-12,3.9
C00190,54,Male,Chennai,2024-12-20,4.5
C00191,50,Male,Hyderabad,2024-11-21,3.5
C00192,59,Male,Mumbai,2024-06-17,3.1
C00193,61,Female,Delhi,2024-05-16,3.6
C00194,41,Male,Chennai,2026-05-24,3.9
C00195,32,Female,Hyderabad,2024-12-14,3.3
C00196,49,Male,Mumbai,2026-03-18,3.7
C00197,49,Male,Mumbai,2025-04-11,3.8
C00198,41,Male,Bangalore,2023-10-11,3.1
C00199,58,Male,Bangalore,2026-08-16,4.2
C00200,29,Female,Chennai,2026-02-18,4.8
C00201,56,Male,Bangalore,2026-07-14,3.3
C00202,19,Female,Chennai,2026-05-28,4.2
C00203,20,Male,Delhi,2026-03-04,4.3
C00204,54,Male,Chennai,2024-02-15,3.8
C00205,34,Male,Bangalore,2025-01-30,4.4
C00206,19,Female,Delhi,2024-04-07,3.8
C00207,19,Female,Bangalore,2024-10-29,4.0
C00208,45,Male,Chennai,2023-10-20,3.0
C00209,40,Male,Hyderabad,2024-10-05,4.4
C00210,54,Female,Mumbai,2026-07-31,4.3
C00211,49,Male,Bangalore,2024-06-02,3.1
C00212,50,Male,Chennai,2025-12-23,3.7
C00213,18,Female,Delhi,2024-12-27,5.0
C00214,36,Female,Bangalore,2024-11-22,3.8
C00215,19,Male,Bangalore,2026-07-01,4.0
C00216,61,Female,Mumbai,2026-08-11,4.8
C00217,43,Female,Chennai,2025-04-17,4.4
C00218,49,Male,Hyderabad,2025-10-12,4.2
C00219,23,Female,Delhi,2024-02-02,4.6
C00220,49,Female,Chennai,2024-07-07,4.7
C00221,21,Male,Delhi,2026-07-13,3.9
C00222,28,Male,Bangalore,2025-05-12,4.0
C00223,34,Male,Mumbai,2025-04-02,3.8
C00224,55,Female,Mumbai,2025-11-13,4.9
C00225,41,Male,Hyderabad,2023-10-18,4.4
C00226,22,Female,Mumbai,2025-05-18,3.2
C00227,51,Female,Bangalore,2025-02-18,4.7
C00228,23,Male,Hyderabad,2026-03-08,4.0
C00229,39,Female,Chennai,2024-02-05,3.1
C00230,28,Male,Mumbai,2026-07-05,4.1
C00231,33,Female,Hyderabad,2023-11-12,3.8
C00232,50,Female,Bangalore,2024-03-07,4.8
C00233,26,Male,Delhi,2025-05-30,3.4
C00234,23,Male,Delhi,2025-08-26,4.7
C00235,33,Male,Bangalore,2024-04-30,4.1
C00236,46,Male,Bangalore,2023-12-26,3.1
C00237,20,Male,Delhi,2026-04-18,4.9
C00238,37,Male,Hyderabad,2024-05-12,4.0
C00239,53,Other,Delhi,2025-05-29,3.6
C00240,36,Male,Bangalore,2025-06-25,3.9
C00241,43,Male,Mumbai,2024-11-18,4.7
C00242,20,Female,Chennai,2025-05-17,3.6
C00243,36,Male,Mumbai,2025-03-11,3.4
C00244,37,Other,Mumbai,2026-06-06,3.3
C00245,49,Female,Bangalore,2024-03-27,3.6
C00246,24,Female,Delhi,2025-10-09,4.6
C00247,58,Male,Hyderabad,2024-05-04,3.9
C00248,50,Male,Mumbai,2024-10-23,3.5
C00249,57,Male,Delhi,2025-08-22,3.3
C00250,56,Female,Hyderabad,2024-07-10,3.7
C00251,35,Male,Mumbai,2024-07-28,4.9
C00252,57,Male,Hyderabad,2025-11-18,3.7
C00253,18,Other,Delhi,2023-11-04,5.0
C00254,28,Male,Chennai,2024-12-31,4.0
C00255,45,Male,Delhi,2026-08-15,3.4
C00256,42,Male,Bangalore,2026-08-12,4.8
C00257,40,Other,Hyderabad,2023-11-05,3.9
C00258,48,Male,Chennai,2024-04-06,4.4
C00259,47,Female,Hyderabad,2024-06-02,5.0
C00260,59,Female,Hyderabad,2026-06-04,3.1
C00261,52,Male,Mumbai,2026-04-08,3.2
C00262,24,Female,Bangalore,2026-04-06,4.4
C00263,33,Male,Hyderabad,2024-09-25,3.6
C00264,43,Male,Delhi,2024-02-05,3.4
C00265,19,Female,Delhi,2026-02-15,3.1
C00266,18,Female,Mumbai,2025-09-26,3.0
C00267,29,Female,Bangalore,2025-06-17,4.5
C00268,22,Female,Bangalore,2026-08-03,3.3
C00269,54,Male,Delhi,2025-08-02,3.9
C00270,49,Male,Chennai,2023-08-25,4.2
C00271,26,Male,Mumbai,2026-01-28,3.9
C00272,58,Male,Mumbai,2024-07-10,3.1
C00273,52,Male,Delhi,2025-08-13,4.6
C00274,36,Male,Delhi,2026-06-11,3.0
C00275,33,Male,Chennai,2024-01-11,4.5
C00276,20,Male,Chennai,2023-12-21,4.8
C00277,37,Female,Bangalore,2023-12-12,3.9
C00278,41,Female,Mumbai,2025-04-14,4.1
C00279,50,Male,Mumbai,2024-06-10,4.0
C00280,41,Female,Delhi,2025-06-09,3.8
C00281,28,Female,Bangalore,2025-10-11,4.8
C00282,25,Male,Mumbai,2024-03-27,4.8
C00283,53,Female,Bangalore,2025-07-12,3.7
C00284,55,Female,Bangalore,2024-06-01,4.2
C00285,57,Female,Delhi,2025-02-02,4.9
C00286,37,Male,Bangalore,2026-05-05,4.9
C00287,52,Female,Chennai,2026-03-01,4.0
C00288,42,Male,Chennai,2023-11-26,3.9
C00289,52,Female,Hyderabad,2024-11-23,3.6
C00290,42,Female,Delhi,2024-06-15,4.9
C00291,46,Female,Hyderabad,2023-08-20,3.3
C00292,35,Female,Chennai,2025-12-09,4.2
C00293,63,Female,Hyderabad,2025-07-15,3.6
C00294,35,Male,Delhi,2024-05-30,3.6
C00295,19,Male,Delhi,2025-11-06,3.8
C00296,52,Female,Bangalore,2025-04-12,5.0
C00297,33,Male,Mumbai,2024-11-27,3.1
C00298,58,Male,Bangalore,2023-08-27,4.2
C00299,53,Male,Delhi,2023-11-07,3.2
C00300,50,Male,Chennai,2026-04-10,3.3
C00301,21,Female,Chennai,2026-05-03,3.9
C00302,50,Female,Bangalore,2025-04-05,4.0
C00303,31,Female,Delhi,2026-02-16,3.5
C00304,38,Female,Chennai,2025-05-16,3.6
C00305,37,Male,Delhi,2024-01-26,3.2
C00306,25,Male,Chennai,2024-01-03,3.6
C00307,24,Female,Delhi,2024-07-19,4.9
C00308,20,Male,Hyderabad,2026-04-28,4.9
C00309,34,Female,Delhi,2026-01-05,3.7
C00310,50,Female,Delhi,2026-03-17,4.1
C00311,29,Male,Bangalore,2026-04-28,4.8
C00312,39,Female,Hyderabad,2024-04-03,3.0
C00313,39,Female,Mumbai,2024-05-16,4.6
C00314,63,Female,Bangalore,2023-12-07,4.9
C00315,47,Male,Mumbai,2025-12-19,3.2
C00316,55,Male,Chennai,2026-04-12,3.3
C00317,55,Female,Mumbai,2024-11-04,4.9
C00318,62,Male,Delhi,2025-06-27,4.1
C00319,25,Male,Mumbai,2024-02-02,3.0
C00320,44,Female,Bangalore,2026-06-01,3.5
C00321,44,Male,Bangalore,2026-03-21,3.9
C00322,51,Female,Mumbai,2026-07-21,4.4
C00323,38,Female,Bangalore,2026-01-21,4.5
C00324,47,Female,Bangalore,2026-04-09,5.0
C00325,50,Male,Mumbai,2023-09-13,3.6
C00326,45,Female,Hyderabad,2025-11-01,4.1
C00327,64,Male,Hyderabad,2024-08-15,4.1
C00328,50,Male,Chennai,2026-06-02,3.8
C00329,22,Female,Bangalore,2026-01-12,3.3
C00330,36,Male,Mumbai,2026-03-21,5.0
C00331,21,Male,Bangalore,2026-01-21,4.7
C00332,52,Female,Delhi,2024-06-04,4.0
C00333,34,Male,Bangalore,2025-12-26,4.2
C00334,61,Male,Bangalore,2023-12-13,3.5
C00335,45,Female,Hyderabad,2026-03-29,4.1
C00336,47,Female,Mumbai,2026-03-15,4.4
C00337,46,Female,Bangalore,2024-04-16,4.0
C00338,63,Male,Hyderabad,2026-01-27,5.0
C00339,23,Male,Chennai,2025-01-02,4.2
C00340,52,Male,Hyderabad,2024-07-16,3.7
C00341,58,Male,Hyderabad,2026-01-04,4.5
C00342,54,Female,Hyderabad,2024-04-22,3.3
C00343,41,Male,Bangalore,2023-09-11,3.8
C00344,46,Male,Bangalore,2024-03-15,3.7
C00345,63,Female,Chennai,2024-08-10,3.9
C00346,48,Female,Delhi,2026-03-21,4.6
C00347,52,Female,Delhi,2026-07-11,4.0
C00348,50,Male,Delhi,2024-06-17,4.6
C00349,38,Male,Chennai,2025-07-20,4.2
C00350,49,Male,Delhi,2024-10-28,3.7
C00351,40,Male,Delhi,2026-07-27,4.6
C00352,50,Female,Hyderabad,2025-03-26,3.5
C00353,20,Female,Bangalore,2026-06-11,3.4
C00354,35,Female,Bangalore,2023-12-21,4.0
C00355,42,Female,Hyderabad,2026-07-15,3.5
C00356,59,Male,Hyderabad,2024-02-28,3.0
C00357,48,Female,Hyderabad,2026-07-06,4.3
C00358,20,Male,Bangalore,2024-06-02,4.0
C00359,57,Female,Delhi,2023-12-13,3.9
C00360,63,Female,Hyderabad,2024-12-05,4.9
C00361,41,Male,Chennai,2025-10-23,4.1
C00362,49,Male,Hyderabad,2024-07-25,4.7
C00363,64,Other,Mumbai,2025-06-11,3.3
C00364,39,Male,Hyderabad,2025-02-27,4.1
C00365,40,Male,Bangalore,2024-10-12,4.7
C00366,19,Male,Hyderabad,2025-05-09,4.2
C00367,44,Female,Mumbai,2024-05-22,4.4
C00368,59,Female,Chennai,2025-10-01,3.7
C00369,19,Female,Delhi,2023-08-18,3.2
C00370,43,Male,Hyderabad,2026-05-27,3.9
C00371,34,Female,Mumbai,2025-03-29,3.8
C00372,57,Male,Mumbai,2025-10-13,4.7
C00373,50,Female,Chennai,2025-11-07,3.5
C00374,26,Female,Bangalore,2025-08-21,4.9
C00375,60,Male,Hyderabad,2024-09-19,4.9
C00376,56,Male,Mumbai,2023-11-01,3.5
C00377,46,Male,Chennai,2025-08-14,3.7
C00378,59,Male,Delhi,2024-08-12,4.8
C00379,43,Male,Mumbai,2024-07-26,4.9
C00380,52,Female,Chennai,2026-03-03,3.9
C00381,42,Female,Bangalore,2025-10-13,3.6
C00382,41,Male,Bangalore,2024-07-11,4.1
C00383,30,Male,Mumbai,2024-07-20,4.4
C00384,24,Male,Mumbai,2024-11-06,3.5
C00385,53,Female,Hyderabad,2024-10-31,4.5
C00386,62,Male,Chennai,2024-07-06,3.1
C00387,37,Female,Mumbai,2024-01-03,3.1
C00388,18,Female,Hyderabad,2024-11-19,3.8
C00389,25,Female,Hyderabad,2026-06-12,3.7
C00390,63,Female,Mumbai,2025-08-28,3.6
C00391,33,Male,Bangalore,2026-05-02,4.0
C00392,31,Female,Chennai,2025-06-21,3.6
C00393,29,Male,Chennai,2024-07-11,3.4
C00394,40,Male,Bangalore,2025-04-08,3.6
C00395,32,Female,Mumbai,2023-08-17,4.9
C00396,45,Female,Chennai,2024-06-26,3.8
C00397,51,Female,Mumbai,2024-11-30,3.9
C00398,19,Male,Mumbai,2025-05-13,4.2
C00399,49,Male,Hyderabad,2025-08-03,5.0
C00400,40,Female,Bangalore,2025-01-07,3.5
C00401,39,Male,Mumbai,2024-12-13,4.4
C00402,42,Female,Delhi,2024-04-07,4.4
C00403,39,Female,Bangalore,2025-01-16,4.2
C00404,39,Female,Chennai,2026-04-30,3.2
C00405,59,Male,Hyderabad,2026-01-05,4.4
C00406,23,Male,Chennai,2024-02-18,3.1
C00407,32,Male,Chennai,2023-11-17,4.2
C00408,60,Female,Bangalore,2025-03-03,4.5
C00409,54,Male,Chennai,2025-07-10,3.4
C00410,50,Female,Mumbai,2024-08-18,4.7
C00411,25,Male,Chennai,2026-01-29,3.1
C00412,61,Other,Hyderabad,2025-11-17,4.7
C00413,61,Male,Hyderabad,2025-08-23,3.9
C00414,22,Male,Delhi,2024-04-19,3.4
C00415,56,Male,Hyderabad,2024-03-22,3.3
C00416,21,Female,Chennai,2023-09-12,4.9
C00417,23,Female,Hyderabad,2024-05-11,3.1
C00418,62,Female,Bangalore,2025-01-18,3.4
C00419,49,Male,Hyderabad,2026-03-05,3.7
C00420,47,Male,Mumbai,2023-11-04,4.2
C00421,64,Female,Bangalore,2024-11-13,4.1
C00422,52,Male,Delhi,2025-07-07,3.3
C00423,57,Male,Mumbai,2024-03-17,3.6
C00424,33,Other,Chennai,2025-09-18,3.5
C00425,30,Other,Chennai,2025-02-08,3.4
C00426,59,Female,Chennai,2024-05-10,3.8
C00427,47,Female,Mumbai,2025-08-05,4.4
C00428,36,Male,Mumbai,2023-08-23,3.4
C00429,34,Male,Mumbai,2025-11-17,3.7
C00430,36,Female,Bangalore,2025-12-07,3.8
C00431,45,Female,Bangalore,2023-12-11,5.0
C00432,43,Male,Chennai,2024-11-24,4.9
C00433,54,Male,Hyderabad,2024-02-25,4.6
C00434,43,Male,Chennai,2026-07-01,3.5
C00435,40,Female,Delhi,2025-03-06,3.1
C00436,26,Female,Bangalore,2023-10-11,3.6
C00437,29,Female,Mumbai,2024-05-16,3.5
C00438,18,Male,Bangalore,2026-03-03,4.0
C00439,18,Other,Mumbai,2024-12-29,4.6
C00440,64,Female,Delhi,2026-01-11,4.7
C00441,51,Male,Delhi,2025-08-17,4.7
C00442,49,Male,Bangalore,2026-08-03,3.7
C00443,42,Male,Mumbai,2025-05-30,4.4
C00444,57,Male,Delhi,2026-06-23,3.6
C00445,62,Female,Chennai,2026-04-20,3.1
C00446,18,Male,Chennai,2025-06-18,4.4
C00447,33,Female,Mumbai,2025-10-13,3.0
C00448,56,Male,Bangalore,2025-02-20,3.8
C00449,22,Male,Delhi,2026-02-12,3.7
C00450,39,Male,Bangalore,2025-04-08,4.4
C00451,46,Male,Chennai,2026-04-26,4.5
C00452,20,Female,Delhi,2025-11-09,3.6
C00453,29,Female,Bangalore,2025-01-18,4.6
C00454,43,Female,Hyderabad,2024-05-27,3.6
C00455,33,Female,Mumbai,2024-05-13,3.9
C00456,54,Male,Mumbai,2025-07-15,4.5
C00457,39,Male,Hyderabad,2025-12-03,4.4
C00458,46,Male,Chennai,2025-03-10,5.0
C00459,31,Female,Delhi,2025-07-03,3.5
C00460,45,Male,Mumbai,2024-06-12,4.3
C00461,22,Male,Hyderabad,2023-11-09,4.2
C00462,64,Female,Hyderabad,2024-06-25,4.8
C00463,47,Male,Chennai,2024-06-09,3.3
C00464,63,Male,Chennai,2024-08-01,4.5
C00465,22,Male,Bangalore,2025-03-31,4.1
C00466,29,Female,Mumbai,2024-01-15,3.5
C00467,33,Female,Bangalore,2024-04-26,3.9
C00468,43,Female,Hyderabad,2025-09-15,3.7
C00469,43,Male,Delhi,2025-09-29,4.2
C00470,38,Other,Delhi,2023-10-26,4.8
C00471,56,Female,Chennai,2024-11-05,4.1
C00472,53,Male,Delhi,2025-04-02,4.3
C00473,50,Female,Delhi,2024-11-14,4.0
C00474,47,Male,Delhi,2024-03-30,3.1
C00475,54,Female,Hyderabad,2024-11-19,3.5
C00476,40,Female,Delhi,2026-05-04,4.0
C00477,27,Male,Delhi,2025-05-18,3.6
C00478,22,Other,Delhi,2025-09-17,3.4
C00479,53,Female,Bangalore,2026-03-12,4.0
C00480,51,Female,Hyderabad,2025-12-03,3.6
C00481,48,Male,Chennai,2024-10-06,3.5
C00482,27,Male,Bangalore,2023-08-23,3.9
C00483,36,Male,Mumbai,2024-09-05,3.3
C00484,49,Female,Hyderabad,2025-11-19,4.9
C00485,18,Male,Hyderabad,2026-03-09,4.7
C00486,22,Female,Mumbai,2026-06-26,4.4
C00487,62,Female,Mumbai,2024-11-18,3.2
C00488,21,Male,Mumbai,2025-11-13,4.6
C00489,33,Female,Chennai,2025-04-06,4.6
C00490,41,Male,Delhi,2025-06-08,4.5
C00491,33,Other,Hyderabad,2024-04-14,3.2
C00492,19,Female,Delhi,2024-04-13,4.3
C00493,45,Male,Delhi,2024-12-06,4.7
C00494,49,Male,Mumbai,2023-09-17,4.2
C00495,44,Male,Chennai,2024-08-19,4.3
C00496,37,Female,Bangalore,2025-08-30,3.9
C00497,41,Female,Chennai,2024-11-02,4.1
C00498,29,Female,Delhi,2024-02-13,3.1
C00499,52,Male,Chennai,2025-01-10,4.3
C00500,50,Male,Mumbai,2024-01-03,3.2
C00501,50,Male,Bangalore,2025-06-28,3.9
C00502,60,Female,Mumbai,2023-09-15,3.6
C00503,54,Female,Bangalore,2024-10-21,4.1
C00504,29,Male,Delhi,2025-04-26,3.3
C00505,20,Male,Bangalore,2023-09-15,4.4
C00506,18,Female,Bangalore,2025-07-21,4.6
C00507,50,Female,Bangalore,2024-01-12,3.3
C00508,57,Female,Chennai,2025-01-04,3.2
C00509,27,Female,Chennai,2023-10-11,3.3
C00510,60,Male,Delhi,2024-10-05,4.8
C00511,61,Male,Bangalore,2024-04-04,4.1
C00512,46,Female,Hyderabad,2024-08-09,3.9
C00513,30,Female,Delhi,2025-11-28,3.2
C00514,29,Male,Bangalore,2024-10-05,4.3
C00515,48,Female,Bangalore,2025-11-18,4.7
C00516,63,Female,Chennai,2026-02-13,4.7
C00517,19,Female,Delhi,2024-05-19,4.3
C00518,52,Female,Bangalore,2023-11-14,3.2
C00519,40,Male,Bangalore,2023-09-07,3.2
C00520,34,Female,Delhi,2025-03-30,3.1
C00521,43,Female,Hyderabad,2026-08-16,3.5
C00522,25,Female,Delhi,2024-09-03,3.3
C00523,46,Female,Delhi,2025-07-29,3.5
C00524,43,Female,Hyderabad,2025-12-20,3.8
C00525,27,Male,Delhi,2025-07-31,4.9
C00526,43,Female,Bangalore,2025-11-20,4.2
C00527,51,Female,Delhi,2026-06-22,4.7
C00528,58,Female,Hyderabad,2024-03-22,4.4
C00529,24,Female,Mumbai,2023-09-08,3.2
C00530,21,Female,Delhi,2024-01-31,4.5
C00531,62,Male,Chennai,2024-01-02,3.6
C00532,28,Female,Bangalore,2025-08-19,4.3
C00533,46,Male,Bangalore,2025-04-26,3.7
C00534,53,Male,Chennai,2024-04-11,5.0
C00535,42,Female,Chennai,2025-09-21,3.5
C00536,38,Female,Delhi,2025-12-04,3.6
C00537,53,Male,Chennai,2024-02-16,4.9
C00538,27,Male,Mumbai,2025-06-12,3.0
C00539,54,Female,Hyderabad,2025-11-13,4.4
C00540,26,Male,Chennai,2023-12-20,4.5
C00541,41,Male,Chennai,2026-01-30,4.7
C00542,52,Male,Mumbai,2026-07-09,4.9
C00543,52,Male,Bangalore,2023-12-13,5.0
C00544,53,Male,Bangalore,2023-09-14,3.1
C00545,35,Male,Delhi,2024-07-23,4.6
C00546,56,Male,Mumbai,2025-08-28,4.3
C00547,49,Female,Hyderabad,2026-07-02,4.3
C00548,41,Female,Hyderabad,2024-10-24,3.3
C00549,40,Female,Mumbai,2025-10-08,4.3
C00550,49,Male,Hyderabad,2023-11-08,5.0
C00551,54,Male,Bangalore,2025-09-11,4.8
C00552,29,Female,Hyderabad,2025-07-04,3.9
C00553,30,Male,Hyderabad,2023-12-06,3.1
C00554,40,Female,Mumbai,2025-12-10,3.7
C00555,42,Female,Mumbai,2026-03-05,4.7
C00556,52,Female,Hyderabad,2025-06-05,4.4
C00557,58,Male,Chennai,2023-12-27,3.9
C00558,47,Male,Mumbai,2026-07-30,3.1
C00559,34,Female,Delhi,2025-12-21,3.9
C00560,37,Male,Delhi,2024-08-31,3.9
C00561,42,Female,Bangalore,2024-11-28,4.9
C00562,39,Female,Hyderabad,2024-09-26,4.3
C00563,30,Other,Chennai,2025-02-21,3.6
C00564,36,Male,Bangalore,2024-08-24,4.1
C00565,53,Female,Hyderabad,2026-03-05,3.1
C00566,29,Female,Mumbai,2026-02-03,4.9
C00567,58,Male,Delhi,2023-12-10,3.7
C00568,36,Male,Chennai,2026-07-05,4.0
C00569,29,Female,Delhi,2025-07-13,3.7
C00570,26,Male,Mumbai,2026-02-10,4.4
C00571,24,Male,Hyderabad,2025-09-30,4.3
C00572,45,Male,Mumbai,2024-12-06,4.4
C00573,31,Female,Mumbai,2025-10-29,3.5
C00574,48,Female,Delhi,2026-07-10,3.6
C00575,36,Female,Chennai,2024-06-08,3.3
C00576,64,Male,Mumbai,2026-01-18,4.3
C00577,33,Male,Delhi,2025-03-28,3.1
C00578,22,Female,Chennai,2025-01-27,4.2
C00579,52,Female,Hyderabad,2024-12-06,4.7
C00580,29,Male,Hyderabad,2025-10-26,4.8
C00581,42,Female,Bangalore,2024-06-06,3.9
C00582,38,Other,Delhi,2026-03-07,3.9
C00583,53,Female,Chennai,2026-02-12,3.2
C00584,40,Female,Mumbai,2023-11-19,4.3
C00585,33,Female,Hyderabad,2026-04-09,4.6
C00586,56,Male,Chennai,2024-05-10,3.5
C00587,62,Female,Delhi,2025-01-07,3.8
C00588,59,Other,Bangalore,2025-06-15,4.7
C00589,56,Male,Hyderabad,2024-10-05,4.8
C00590,31,Female,Chennai,2023-09-17,3.5
C00591,48,Female,Chennai,2026-03-06,4.1
C00592,22,Female,Chennai,2024-03-03,3.4
C00593,52,Female,Delhi,2024-04-05,3.2
C00594,40,Female,Delhi,2026-01-07,4.8
C00595,46,Female,Delhi,2024-08-24,4.6
C00596,60,Male,Mumbai,2026-04-07,4.5
C00597,28,Female,Chennai,2025-09-23,3.1
C00598,35,Male,Hyderabad,2024-06-14,4.7
C00599,64,Male,Delhi,2023-08-28,3.9
C00600,29,Male,Delhi,2026-06-21,3.7
C00601,26,Female,Chennai,2023-11-18,4.1
C00602,27,Male,Delhi,2025-10-14,3.2
C00603,61,Female,Mumbai,2025-02-02,4.5
C00604,34,Female,Mumbai,2025-11-24,4.2
C00605,55,Female,Delhi,2025-09-11,3.4
C00606,24,Male,Chennai,2025-07-24,3.4
C00607,63,Female,Chennai,2025-02-04,3.4
C00608,30,Female,Chennai,2026-01-02,3.1
C00609,57,Female,Bangalore,2023-11-26,4.2
C00610,59,Male,Delhi,2024-04-15,4.7
C00611,26,Male,Chennai,2025-09-13,3.0
C00612,44,Male,Mumbai,2024-07-17,3.1
C00613,19,Male,Hyderabad,2025-05-15,4.1
C00614,22,Male,Hyderabad,2025-01-16,4.6
C00615,46,Female,Chennai,2025-03-20,3.7
C00616,54,Male,Hyderabad,2024-11-25,3.7
C00617,55,Male,Hyderabad,2025-11-11,4.2
C00618,36,Male,Bangalore,2024-08-13,3.5
C00619,25,Male,Mumbai,2025-09-25,3.1
C00620,62,Male,Mumbai,2024-06-08,4.5
C00621,18,Male,Bangalore,2024-05-18,4.3
C00622,39,Male,Bangalore,2023-12-27,4.2
C00623,34,Female,Hyderabad,2024-03-15,4.5
C00624,24,Other,Delhi,2023-12-26,4.4
C00625,42,Male,Hyderabad,2025-03-26,3.4
C00626,62,Male,Bangalore,2025-11-29,3.7
C00627,21,Female,Mumbai,2024-03-06,3.3
C00628,53,Male,Hyderabad,2024-04-10,3.3
C00629,23,Male,Delhi,2025-01-28,4.4
C00630,48,Female,Hyderabad,2025-10-19,4.7
C00631,36,Male,Chennai,2026-07-22,4.9
C00632,61,Female,Hyderabad,2025-03-14,4.3
C00633,56,Female,Bangalore,2024-06-22,3.4
C00634,44,Male,Mumbai,2023-12-05,3.2
C00635,27,Male,Mumbai,2024-03-16,4.6
C00636,43,Female,Bangalore,2024-04-22,4.2
C00637,36,Male,Chennai,2024-02-29,4.2
C00638,56,Male,Bangalore,2023-09-01,4.6
C00639,20,Female,Hyderabad,2025-03-24,4.4
C00640,62,Female,Bangalore,2024-06-12,4.7
C00641,30,Male,Bangalore,2026-07-19,3.1
C00642,45,Female,Chennai,2025-04-14,4.5
C00643,37,Male,Hyderabad,2025-09-19,4.7
C00644,45,Female,Delhi,2024-01-02,3.6
C00645,25,Female,Delhi,2026-03-25,4.3
C00646,58,Female,Mumbai,2025-02-05,3.6
C00647,56,Female,Bangalore,2026-03-30,4.9
C00648,18,Other,Mumbai,2025-05-07,3.1
C00649,20,Male,Chennai,2025-01-12,4.2
C00650,30,Female,Delhi,2024-12-11,3.3
C00651,45,Male,Bangalore,2024-03-06,4.4
C00652,42,Male,Chennai,2023-10-12,3.4
C00653,50,Male,Chennai,2026-06-13,3.5
C00654,55,Female,Bangalore,2025-01-21,4.0
C00655,23,Other,Chennai,2026-02-03,4.8
C00656,61,Male,Bangalore,2024-10-29,3.4
C00657,62,Male,Bangalore,2023-11-06,3.3
C00658,49,Female,Hyderabad,2025-07-06,4.5
C00659,62,Male,Mumbai,2023-10-14,4.0
C00660,64,Male,Chennai,2024-01-27,4.8
C00661,38,Female,Chennai,2025-04-24,3.3
C00662,33,Female,Hyderabad,2024-07-15,4.3
C00663,38,Other,Hyderabad,2026-08-10,3.5
C00664,28,Male,Hyderabad,2023-12-24,3.3
C00665,54,Male,Delhi,2025-12-01,4.4
C00666,53,Female,Delhi,2025-06-11,4.2
C00667,52,Female,Delhi,2025-12-30,4.5
C00668,36,Female,Bangalore,2024-04-20,3.6
C00669,37,Female,Chennai,2025-03-11,3.9
C00670,35,Male,Mumbai,2024-12-22,3.8
C00671,64,Female,Bangalore,2024-12-14,5.0
C00672,58,Male,Chennai,2026-03-16,3.6
C00673,31,Male,Chennai,2026-08-06,3.6
C00674,32,Female,Hyderabad,2024-07-16,3.7
C00675,48,Male,Hyderabad,2025-06-27,4.1
C00676,18,Male,Bangalore,2025-06-15,3.5
C00677,20,Female,Hyderabad,2025-11-05,4.8
C00678,33,Male,Chennai,2026-06-20,3.5
C00679,40,Female,Hyderabad,2024-03-31,4.8
C00680,28,Male,Delhi,2024-04-04,3.2
C00681,29,Female,Hyderabad,2025-08-09,4.3
C00682,27,Male,Chennai,2024-02-05,4.8
C00683,49,Male,Bangalore,2024-02-23,3.3
C00684,33,Other,Mumbai,2023-11-07,4.9
C00685,25,Female,Hyderabad,2023-08-19,3.9
C00686,55,Female,Chennai,2024-12-22,4.9
C00687,29,Male,Mumbai,2025-05-28,4.4
C00688,41,Female,Mumbai,2024-07-01,3.6
C00689,45,Female,Delhi,2024-04-26,3.4
C00690,25,Female,Mumbai,2025-09-29,3.6
C00691,45,Female,Chennai,2025-09-25,3.2
C00692,53,Male,Chennai,2024-12-26,3.3
C00693,43,Male,Hyderabad,2025-09-08,3.2
C00694,25,Female,Hyderabad,2026-05-25,3.8
C00695,45,Male,Hyderabad,2025-12-27,4.6
C00696,45,Male,Mumbai,2025-07-02,3.3
C00697,54,Female,Mumbai,2025-08-10,3.3
C00698,58,Female,Delhi,2026-06-05,4.3
C00699,53,Female,Hyderabad,2024-11-24,3.4
C00700,44,Female,Bangalore,2025-04-04,3.2
C00701,34,Female,Delhi,2025-07-26,3.3
C00702,26,Male,Bangalore,2026-05-08,4.8
C00703,50,Male,Mumbai,2026-02-07,4.6
C00704,37,Male,Delhi,2023-11-03,3.7
C00705,30,Male,Delhi,2024-02-14,4.3
C00706,45,Female,Chennai,2024-07-19,4.1
C00707,46,Male,Mumbai,2025-11-14,4.4
C00708,30,Male,Mumbai,2025-05-01,4.4
C00709,63,Male,Delhi,2024-06-28,4.3
C00710,52,Male,Mumbai,2023-12-31,3.5
C00711,23,Male,Delhi,2025-09-09,3.1
C00712,35,Male,Chennai,2025-09-21,3.9
C00713,22,Male,Delhi,2026-06-15,4.8
C00714,64,Male,Mumbai,2025-02-15,4.1
C00715,42,Male,Mumbai,2025-02-08,4.7
C00716,19,Female,Delhi,2023-11-13,5.0
C00717,27,Male,Delhi,2023-09-29,3.3
C00718,47,Male,Delhi,2024-12-02,4.4
C00719,62,Female,Hyderabad,2024-08-04,4.3
C00720,22,Male,Mumbai,2024-05-17,5.0
C00721,50,Female,Mumbai,2023-11-25,5.0
C00722,18,Female,Hyderabad,2026-07-06,4.4
C00723,35,Male,Delhi,2026-02-18,3.5
C00724,49,Female,Chennai,2025-05-08,4.6
C00725,64,Male,Delhi,2026-06-24,3.2
C00726,28,Female,Delhi,2026-08-16,4.6
C00727,38,Male,Hyderabad,2025-08-22,4.8
C00728,43,Female,Mumbai,2024-06-07,3.8
C00729,42,Male,Delhi,2023-09-30,4.3
C00730,39,Female,Mumbai,2025-11-22,3.9
C00731,44,Female,Bangalore,2025-01-13,3.9
C00732,30,Male,Mumbai,2025-07-31,3.6
C00733,50,Male,Chennai,2026-05-17,4.5
C00734,51,Female,Chennai,2024-03-02,4.9
C00735,58,Female,Delhi,2025-05-19,4.9
C00736,52,Male,Mumbai,2025-07-12,3.3
C00737,18,Female,Delhi,2025-02-05,4.7
C00738,38,Other,Hyderabad,2023-11-25,4.5
C00739,23,Female,Chennai,2024-09-01,3.5
C00740,45,Male,Delhi,2024-08-16,3.1
C00741,34,Female,Hyderabad,2025-08-20,3.5
C00742,22,Male,Delhi,2026-03-14,4.8
C00743,48,Other,Mumbai,2024-08-12,4.3
C00744,22,Female,Mumbai,2025-09-15,4.4
C00745,55,Male,Mumbai,2024-06-27,3.5
C00746,20,Female,Mumbai,2026-06-17,4.4
C00747,40,Male,Bangalore,2026-01-24,3.1
C00748,54,Other,Hyderabad,2025-04-10,3.8
C00749,54,Other,Hyderabad,2024-12-27,4.3
C00750,27,Female,Mumbai,2024-07-26,3.3
C00751,27,Male,Bangalore,2024-08-05,4.6
C00752,36,Female,Mumbai,2026-07-15,3.5
C00753,34,Male,Bangalore,2024-11-01,4.3
C00754,38,Male,Mumbai,2025-03-02,3.8
C00755,31,Female,Chennai,2026-08-03,4.2
C00756,26,Male,Chennai,2025-08-06,3.2
C00757,63,Male,Delhi,2025-04-02,3.0
C00758,18,Other,Mumbai,2024-11-11,4.8
C00759,62,Male,Hyderabad,2024-03-09,3.5
C00760,30,Male,Delhi,2024-09-16,4.6
C00761,21,Female,Chennai,2025-11-23,5.0
C00762,18,Male,Mumbai,2025-07-02,3.4
C00763,57,Female,Delhi,2025-11-26,3.5
C00764,49,Other,Mumbai,2024-03-27,4.3
C00765,51,Female,Chennai,2025-04-09,4.9
C00766,45,Female,Delhi,2026-05-29,4.8
C00767,48,Male,Chennai,2024-12-09,4.0
C00768,25,Male,Bangalore,2025-09-20,4.6
C00769,56,Female,Chennai,2023-12-28,3.3
C00770,43,Female,Mumbai,2026-07-18,5.0
C00771,51,Female,Hyderabad,2025-06-14,4.9
C00772,20,Male,Chennai,2024-05-05,3.3
C00773,29,Male,Hyderabad,2024-02-06,3.6
C00774,18,Male,Bangalore,2025-04-11,3.2
C00775,61,Female,Delhi,2025-04-13,3.5
C00776,22,Male,Delhi,2023-11-27,4.6
C00777,47,Female,Hyderabad,2026-08-08,3.8
C00778,47,Female,Delhi,2026-05-13,3.2
C00779,34,Male,Chennai,2025-01-03,3.7
C00780,64,Female,Hyderabad,2023-12-23,5.0
C00781,40,Male,Mumbai,2026-02-14,4.3
C00782,32,Female,Chennai,2025-02-13,3.8
C00783,54,Female,Chennai,2025-10-10,3.3
C00784,38,Female,Chennai,2025-02-24,5.0
C00785,31,Female,Mumbai,2024-06-11,4.6
C00786,19,Male,Bangalore,2026-02-16,3.6
C00787,28,Male,Delhi,2026-07-26,3.1
C00788,56,Female,Hyderabad,2024-05-10,3.1
C00789,55,Male,Bangalore,2025-04-12,3.2
C00790,51,Male,Hyderabad,2024-10-10,4.2
C00791,55,Male,Delhi,2026-05-23,4.9
C00792,51,Female,Mumbai,2025-02-24,4.0
C00793,35,Male,Chennai,2026-04-06,4.7
C00794,47,Female,Chennai,2026-03-20,3.9
C00795,32,Other,Mumbai,2024-06-14,4.4
C00796,44,Male,Bangalore,2025-12-29,4.5
C00797,51,Male,Bangalore,2024-11-13,3.3
C00798,55,Male,Hyderabad,2026-06-05,3.7
C00799,50,Female,Mumbai,2025-02-23,4.3
C00800,41,Male,Bangalore,2026-02-01,3.1
C00801,32,Male,Mumbai,2024-06-21,3.7
C00802,47,Male,Delhi,2024-07-09,4.1
C00803,59,Female,Chennai,2025-05-21,5.0
C00804,34,Male,Chennai,2026-08-15,3.9
C00805,22,Female,Chennai,2025-02-03,4.6
C00806,46,Female,Mumbai,2024-01-26,3.9
C00807,21,Male,Mumbai,2025-03-29,4.6
C00808,27,Female,Hyderabad,2024-08-29,4.2
C00809,34,Male,Chennai,2025-04-12,4.8
C00810,27,Female,Hyderabad,2025-04-03,3.8
C00811,34,Female,Chennai,2024-12-28,4.2
C00812,37,Female,Hyderabad,2024-08-03,4.3
C00813,41,Male,Hyderabad,2024-03-10,3.8
C00814,22,Male,Delhi,2025-09-19,3.3
C00815,51,Male,Hyderabad,2025-05-04,3.2
C00816,23,Male,Mumbai,2024-04-28,3.0
C00817,19,Male,Hyderabad,2025-12-13,4.7
C00818,30,Male,Chennai,2023-10-03,3.5
C00819,60,Male,Hyderabad,2025-11-10,3.4
C00820,60,Male,Bangalore,2025-09-27,4.5
C00821,28,Female,Chennai,2026-01-22,3.6
C00822,64,Male,Bangalore,2024-10-13,4.0
C00823,40,Male,Chennai,2025-08-13,3.3
C00824,33,Male,Mumbai,2026-02-01,4.9
C00825,48,Male,Mumbai,2026-07-26,4.7
C00826,28,Other,Mumbai,2025-02-09,4.7
C00827,33,Male,Bangalore,2023-09-26,3.8
C00828,25,Female,Delhi,2025-02-17,4.5
C00829,21,Other,Chennai,2025-05-24,3.3
C00830,57,Female,Mumbai,2026-03-27,3.0
C00831,21,Female,Chennai,2026-04-01,3.0
C00832,42,Female,Bangalore,2024-12-11,4.2
C00833,20,Other,Delhi,2025-03-15,3.9
C00834,49,Female,Bangalore,2024-12-29,4.0
C00835,20,Female,Chennai,2025-10-16,3.0
C00836,44,Female,Delhi,2024-11-08,3.8
C00837,46,Female,Delhi,2025-08-03,4.4
C00838,49,Female,Bangalore,2024-02-02,3.9
C00839,36,Male,Mumbai,2025-01-12,4.5
C00840,38,Male,Chennai,2026-07-14,3.5
C00841,22,Male,Hyderabad,2024-08-22,4.6
C00842,35,Male,Hyderabad,2025-09-14,4.2
C00843,45,Male,Bangalore,2025-07-29,3.4
C00844,59,Male,Chennai,2026-03-07,3.5
C00845,39,Female,Chennai,2026-03-08,4.3
C00846,38,Male,Bangalore,2026-03-15,4.7
C00847,23,Female,Chennai,2024-10-06,3.8
C00848,18,Male,Mumbai,2024-07-29,3.5
C00849,22,Male,Bangalore,2025-10-12,4.7
C00850,58,Female,Mumbai,2025-11-26,4.3
C00851,29,Female,Chennai,2026-03-30,3.9
C00852,43,Male,Bangalore,2023-09-25,4.0
C00853,63,Female,Chennai,2023-10-30,3.4
C00854,51,Female,Bangalore,2025-07-08,4.3
C00855,31,Male,Chennai,2026-05-22,3.7
C00856,43,Male,Mumbai,2026-08-14,5.0
C00857,62,Other,Mumbai,2025-11-12,4.0
C00858,44,Female,Chennai,2024-12-04,4.0
C00859,26,Female,Bangalore,2023-12-02,4.1
C00860,43,Female,Hyderabad,2025-07-11,4.8
C00861,64,Male,Mumbai,2026-03-30,4.6
C00862,39,Male,Mumbai,2024-12-15,3.9
C00863,64,Male,Hyderabad,2025-09-15,4.4
C00864,47,Female,Chennai,2026-05-03,4.2
C00865,60,Female,Bangalore,2023-10-06,4.0
C00866,34,Female,Chennai,2026-01-05,3.4
C00867,43,Male,Delhi,2024-07-03,3.9
C00868,53,Male,Mumbai,2024-09-30,3.5
C00869,18,Female,Delhi,2024-01-23,4.8
C00870,25,Female,Mumbai,2025-03-21,3.7
C00871,52,Female,Mumbai,2025-04-28,4.9
C00872,32,Male,Delhi,2026-01-01,4.1
C00873,64,Female,Delhi,2024-02-19,4.3
C00874,39,Male,Chennai,2023-11-11,4.1
C00875,31,Female,Delhi,2026-03-28,3.3
C00876,43,Male,Chennai,2025-06-26,3.8
C00877,45,Female,Chennai,2024-05-06,3.2
C00878,40,Male,Chennai,2026-05-13,4.2
C00879,31,Female,Mumbai,2024-01-20,3.9
C00880,41,Male,Mumbai,2025-01-03,4.6
C00881,19,Male,Delhi,2024-05-21,3.4
C00882,62,Male,Mumbai,2024-05-22,3.3
C00883,43,Male,Delhi,2023-08-27,3.8
C00884,31,Male,Mumbai,2026-01-14,4.9
C00885,24,Female,Bangalore,2026-04-30,4.4
C00886,20,Male,Bangalore,2025-08-28,3.8
C00887,64,Female,Delhi,2024-02-06,4.0
C00888,40,Female,Mumbai,2024-12-13,3.2
C00889,63,Female,Mumbai,2024-08-29,5.0
C00890,60,Male,Chennai,2025-05-21,4.3
C00891,64,Male,Hyderabad,2025-07-17,3.6
C00892,62,Female,Delhi,2024-11-24,4.2
C00893,35,Other,Hyderabad,2024-05-17,3.2
C00894,55,Male,Hyderabad,2026-02-28,4.9
C00895,52,Male,Delhi,2024-03-22,3.3
C00896,32,Male,Mumbai,2024-10-11,4.3
C00897,42,Other,Delhi,2025-01-27,3.5
C00898,54,Male,Hyderabad,2024-05-02,4.4
C00899,45,Male,Mumbai,2025-05-04,4.6
C00900,27,Female,Bangalore,2025-05-07,4.3
C00901,56,Male,Delhi,2026-08-08,4.2
C00902,34,Male,Delhi,2024-07-05,4.8
C00903,56,Female,Mumbai,2026-07-23,3.2
C00904,39,Female,Bangalore,2025-08-07,3.7
C00905,43,Male,Bangalore,2024-06-12,3.5
C00906,61,Male,Mumbai,2025-04-28,5.0
C00907,42,Male,Chennai,2025-09-06,3.8
C00908,34,Male,Delhi,2025-11-10,4.5
C00909,30,Female,Delhi,2023-10-09,4.4
C00910,37,Male,Hyderabad,2025-06-11,3.4
C00911,42,Male,Mumbai,2025-02-11,3.5
C00912,21,Male,Hyderabad,2026-05-03,3.6
C00913,27,Female,Hyderabad,2024-06-25,3.8
C00914,20,Female,Bangalore,2026-01-08,3.5
C00915,58,Female,Delhi,2025-06-12,3.0
C00916,62,Male,Hyderabad,2024-09-06,4.8
C00917,35,Female,Bangalore,2025-07-14,4.9
C00918,64,Female,Mumbai,2025-06-27,3.7
C00919,53,Male,Hyderabad,2025-08-28,3.7
C00920,64,Male,Delhi,2025-10-15,3.0
C00921,39,Male,Hyderabad,2025-08-08,4.4
C00922,51,Male,Mumbai,2026-02-20,4.7
C00923,64,Male,Hyderabad,2025-07-05,3.3
C00924,25,Male,Delhi,2026-05-03,3.3
C00925,57,Male,Bangalore,2025-07-25,4.6
C00926,61,Female,Delhi,2024-07-20,4.2
C00927,36,Male,Bangalore,2024-12-12,3.1
C00928,59,Female,Chennai,2025-05-13,4.2
C00929,58,Female,Delhi,2025-10-27,3.6
C00930,54,Female,Delhi,2023-11-23,3.7
C00931,23,Female,Mumbai,2024-07-05,4.5
C00932,43,Male,Hyderabad,2025-11-13,4.6
C00933,51,Female,Bangalore,2024-02-25,3.8
C00934,62,Male,Bangalore,2024-01-08,4.9
C00935,23,Male,Mumbai,2025-03-30,3.8
C00936,54,Female,Mumbai,2026-07-16,4.5
C00937,50,Male,Hyderabad,2025-03-20,4.0
C00938,39,Male,Hyderabad,2026-05-14,4.8
C00939,38,Female,Delhi,2026-02-12,4.8
C00940,23,Female,Chennai,2024-05-24,3.2
C00941,23,Female,Hyderabad,2026-02-05,4.9
C00942,21,Male,Mumbai,2025-01-26,4.7
C00943,47,Female,Hyderabad,2026-01-16,4.6
C00944,28,Male,Bangalore,2025-11-12,3.4
C00945,47,Female,Chennai,2024-08-22,4.6
C00946,48,Female,Delhi,2023-12-21,4.7
C00947,41,Female,Bangalore,2026-07-07,3.6
C00948,26,Female,Bangalore,2024-01-18,4.9
C00949,20,Male,Chennai,2026-07-11,3.1
C00950,48,Female,Delhi,2026-03-16,3.3
C00951,57,Female,Mumbai,2025-10-18,4.1
C00952,54,Male,Delhi,2026-07-26,4.2
C00953,53,Female,Hyderabad,2026-07-12,4.3
C00954,41,Male,Bangalore,2026-01-14,3.0
C00955,48,Female,Hyderabad,2024-09-20,4.9
C00956,23,Female,Mumbai,2025-12-30,3.1
C00957,19,Female,Hyderabad,2023-09-01,3.3
C00958,37,Male,Delhi,2025-03-27,3.0
C00959,45,Female,Hyderabad,2024-12-27,4.1
C00960,28,Female,Mumbai,2025-08-23,4.9
C00961,21,Female,Mumbai,2025-08-22,4.3
C00962,32,Male,Mumbai,2025-05-18,4.6
C00963,23,Male,Delhi,2026-02-03,3.0
C00964,47,Female,Mumbai,2026-06-12,4.1
C00965,55,Male,Bangalore,2023-12-13,3.9
C00966,19,Female,Mumbai,2024-04-29,4.0
C00967,32,Female,Hyderabad,2023-09-13,3.1
C00968,28,Female,Hyderabad,2026-04-12,4.4
C00969,25,Female,Hyderabad,2025-04-23,4.0
C00970,43,Female,Delhi,2026-05-16,4.5
C00971,62,Male,Hyderabad,2024-04-15,4.0
C00972,61,Male,Delhi,2023-10-25,3.3
C00973,22,Male,Delhi,2026-02-04,4.3
C00974,23,Male,Mumbai,2026-05-09,3.3
C00975,43,Female,Bangalore,2024-07-13,4.7
C00976,21,Female,Mumbai,2024-11-06,4.2
C00977,36,Female,Mumbai,2024-01-17,3.3
C00978,37,Female,Delhi,2026-06-19,4.9
C00979,50,Other,Delhi,2024-07-15,4.0
C00980,37,Female,Hyderabad,2025-02-06,3.1
C00981,29,Female,Hyderabad,2023-12-01,4.3
C00982,64,Female,Mumbai,2026-04-15,3.5
C00983,18,Male,Chennai,2024-01-12,4.6
C00984,43,Male,Chennai,2024-12-26,4.6
C00985,31,Male,Hyderabad,2025-08-20,5.0
C00986,55,Female,Chennai,2025-11-08,4.0
C00987,54,Female,Hyderabad,2026-06-18,3.9
C00988,28,Male,Delhi,2024-11-18,4.5
C00989,53,Male,Mumbai,2025-11-07,3.3
C00990,30,Female,Bangalore,2024-02-02,4.1
C00991,60,Male,Mumbai,2024-11-13,4.1
C00992,20,Male,Hyderabad,2023-12-03,3.2
C00993,50,Female,Hyderabad,2025-02-03,3.8
C00994,23,Male,Mumbai,2024-11-06,4.7
C00995,27,Male,Hyderabad,2026-06-24,4.7
C00996,22,Female,Chennai,2023-09-21,3.2
C00997,40,Female,Chennai,2024-09-26,3.2
C00998,27,Female,Hyderabad,2024-12-14,3.5
C00999,61,Male,Hyderabad,2026-06-23,4.7
C01000,19,Male,Chennai,2026-03-11,3.3
C01001,30,Male,Hyderabad,2023-12-03,4.4
C01002,57,Female,Hyderabad,2025-09-06,3.2
C01003,19,Female,Mumbai,2025-04-04,4.2
C01004,37,Male,Bangalore,2026-07-23,3.7
C01005,18,Female,Chennai,2024-09-13,4.6
C01006,54,Male,Mumbai,2024-10-26,3.5
C01007,26,Male,Bangalore,2024-03-12,4.3
C01008,34,Male,Hyderabad,2023-12-28,3.5
C01009,26,Male,Hyderabad,2026-03-03,4.4
C01010,28,Female,Mumbai,2024-12-27,4.7
C01011,32,Female,Hyderabad,2025-08-12,3.3
C01012,41,Male,Delhi,2025-07-20,4.7
C01013,55,Female,Mumbai,2025-06-01,4.2
C01014,52,Male,Bangalore,2023-09-09,3.3
C01015,47,Female,Mumbai,2025-12-26,3.9
C01016,48,Female,Chennai,2024-05-09,3.3
C01017,22,Male,Mumbai,2024-01-02,4.4
C01018,61,Female,Hyderabad,2025-04-26,4.5
C01019,31,Male,Hyderabad,2023-10-31,3.2
C01020,28,Male,Delhi,2025-12-02,4.0
C01021,26,Male,Delhi,2024-03-31,4.6
C01022,51,Female,Delhi,2024-04-09,4.9
C01023,29,Female,Bangalore,2026-03-27,4.0
C01024,52,Male,Delhi,2024-08-11,4.9
C01025,52,Female,Bangalore,2024-01-25,4.1
C01026,18,Female,Delhi,2026-04-29,3.8
C01027,57,Female,Bangalore,2023-08-20,4.7
C01028,39,Female,Mumbai,2026-03-14,4.0
C01029,46,Female,Mumbai,2024-01-22,3.9
C01030,25,Male,Hyderabad,2024-01-06,4.0
C01031,28,Male,Bangalore,2024-05-17,4.7
C01032,58,Other,Chennai,2024-02-24,4.7
C01033,54,Male,Hyderabad,2025-08-10,3.8
C01034,31,Other,Mumbai,2023-09-14,3.7
C01035,47,Female,Bangalore,2023-09-02,4.0
C01036,52,Male,Delhi,2025-12-29,4.1
C01037,38,Male,Chennai,2024-05-03,3.5
C01038,54,Male,Mumbai,2024-08-05,4.6
C01039,22,Female,Hyderabad,2024-02-23,4.0
C01040,36,Male,Bangalore,2023-10-13,3.7
C01041,31,Male,Chennai,2025-11-06,3.2
C01042,43,Male,Bangalore,2025-03-15,3.5
C01043,21,Male,Delhi,2025-11-11,4.9
C01044,42,Female,Hyderabad,2025-01-19,3.6
C01045,62,Male,Bangalore,2025-12-16,3.3
C01046,59,Female,Mumbai,2025-03-01,3.9
C01047,42,Male,Hyderabad,2023-12-14,3.6
C01048,35,Male,Mumbai,2025-02-19,3.1
C01049,57,Male,Bangalore,2026-06-18,3.6
C01050,25,Male,Hyderabad,2023-10-03,4.1
C01051,56,Other,Mumbai,2025-12-22,4.1
C01052,57,Female,Delhi,2026-03-24,3.7
C01053,31,Male,Delhi,2025-03-10,3.9
C01054,49,Female,Bangalore,2024-12-31,4.9
C01055,55,Male,Hyderabad,2026-07-08,3.8
C01056,50,Male,Chennai,2023-10-22,3.5
C01057,40,Other,Hyderabad,2025-01-22,3.5
C01058,32,Female,Delhi,2024-10-30,3.9
C01059,50,Other,Mumbai,2025-09-06,4.5
C01060,42,Male,Chennai,2025-02-04,3.4
C01061,34,Female,Bangalore,2026-05-10,4.4
C01062,50,Male,Chennai,2023-11-05,3.0
C01063,64,Male,Bangalore,2023-11-13,3.8
C01064,19,Female,Chennai,2025-06-13,4.6
C01065,31,Male,Bangalore,2023-10-27,3.7
C01066,57,Female,Bangalore,2024-06-13,4.1
C01067,57,Female,Chennai,2025-07-10,3.4
C01068,56,Male,Chennai,2025-04-08,4.5
C01069,23,Female,Bangalore,2024-08-07,3.1
C01070,23,Female,Delhi,2026-08-11,4.7
C01071,20,Male,Chennai,2025-03-20,3.4
C01072,24,Female,Hyderabad,2024-12-26,4.7
C01073,25,Female,Mumbai,2025-06-10,3.7
C01074,59,Male,Bangalore,2023-12-03,4.4
C01075,32,Female,Bangalore,2025-09-24,3.6
C01076,64,Other,Mumbai,2026-03-08,4.8
C01077,46,Male,Delhi,2025-07-30,3.3
C01078,50,Female,Mumbai,2025-12-06,3.4
C01079,47,Male,Chennai,2025-10-15,4.0
C01080,56,Female,Mumbai,2024-04-08,3.2
C01081,44,Female,Bangalore,2024-12-23,3.4
C01082,53,Male,Mumbai,2024-04-23,4.9
C01083,46,Male,Hyderabad,2024-08-22,5.0
C01084,55,Female,Chennai,2024-12-26,3.8
C01085,50,Male,Mumbai,2024-11-14,4.8
C01086,54,Female,Bangalore,2023-11-29,4.1
C01087,44,Male,Chennai,2024-11-26,3.5
C01088,50,Female,Bangalore,2025-08-14,4.4
C01089,21,Female,Delhi,2024-09-30,4.3
C01090,39,Female,Hyderabad,2024-01-31,5.0
C01091,19,Male,Delhi,2026-05-24,3.5
C01092,27,Female,Hyderabad,2023-10-29,4.3
C01093,22,Female,Mumbai,2026-02-13,3.1
C01094,27,Male,Chennai,2023-11-27,3.2
C01095,50,Male,Mumbai,2023-11-30,3.0
C01096,55,Male,Hyderabad,2025-11-03,5.0
C01097,30,Female,Hyderabad,2026-01-22,4.6
C01098,48,Female,Hyderabad,2025-04-17,4.6
C01099,64,Male,Bangalore,2025-05-20,4.0
C01100,53,Female,Chennai,2025-04-23,3.6
C01101,62,Male,Mumbai,2024-08-12,3.3
C01102,41,Male,Mumbai,2023-12-28,3.6
C01103,32,Other,Delhi,2024-09-07,3.8
C01104,46,Female,Hyderabad,2025-08-15,4.5
C01105,25,Female,Hyderabad,2025-11-16,4.1
C01106,22,Male,Hyderabad,2026-03-25,3.2
C01107,46,Female,Mumbai,2025-10-15,3.0
C01108,64,Female,Delhi,2026-07-13,3.2
C01109,21,Male,Bangalore,2025-06-05,3.8
C01110,29,Female,Chennai,2024-09-05,4.9
C01111,62,Female,Bangalore,2025-05-11,4.3
C01112,19,Female,Mumbai,2024-04-06,4.6
C01113,44,Male,Hyderabad,2025-08-05,3.9
C01114,48,Female,Chennai,2024-04-18,3.7
C01115,53,Female,Mumbai,2023-12-13,3.2
C01116,53,Male,Mumbai,2026-02-28,4.8
C01117,43,Female,Mumbai,2024-09-22,4.6
C01118,60,Female,Chennai,2025-11-29,3.3
C01119,44,Male,Chennai,2025-05-07,4.0
C01120,22,Male,Delhi,2026-01-17,4.0
C01121,37,Female,Delhi,2026-02-28,4.3
C01122,28,Female,Bangalore,2026-07-20,4.9
C01123,27,Female,Chennai,2026-01-29,4.2
C01124,57,Male,Chennai,2025-06-19,4.1
C01125,55,Other,Chennai,2025-07-21,3.1
C01126,23,Male,Delhi,2023-09-14,3.1
C01127,25,Male,Mumbai,2026-05-31,3.4
C01128,40,Female,Hyderabad,2026-02-11,3.1
C01129,64,Male,Delhi,2024-06-05,4.5
C01130,43,Male,Chennai,2024-03-01,4.4
C01131,63,Male,Delhi,2025-09-25,3.3
C01132,60,Male,Bangalore,2024-07-20,4.7
C01133,29,Male,Chennai,2024-08-23,3.3
C01134,43,Other,Bangalore,2023-08-23,3.6
C01135,30,Male,Chennai,2026-03-27,3.5
C01136,57,Female,Delhi,2025-04-28,3.7
C01137,35,Female,Mumbai,2024-10-29,3.5
C01138,42,Female,Hyderabad,2024-01-19,4.0
C01139,50,Male,Bangalore,2025-07-10,3.8
C01140,64,Female,Delhi,2023-09-19,5.0
C01141,57,Female,Mumbai,2025-11-11,3.1
C01142,60,Female,Delhi,2024-04-08,3.3
C01143,29,Female,Bangalore,2024-11-19,3.1
C01144,61,Female,Hyderabad,2024-08-24,4.3
C01145,53,Male,Delhi,2024-09-25,3.1
C01146,21,Female,Chennai,2025-10-15,4.7
C01147,22,Female,Mumbai,2025-12-15,4.0
C01148,54,Female,Delhi,2025-04-30,4.1
C01149,25,Other,Mumbai,2023-11-18,4.1
C01150,59,Male,Chennai,2023-10-13,3.3
C01151,45,Other,Hyderabad,2024-02-05,3.4
C01152,48,Male,Hyderabad,2025-06-24,3.6
C01153,26,Male,Chennai,2025-08-24,4.2
C01154,46,Male,Mumbai,2024-06-10,3.4
C01155,31,Male,Delhi,2025-08-11,3.2
C01156,57,Female,Chennai,2025-01-30,4.9
C01157,58,Male,Bangalore,2024-12-13,3.0
C01158,39,Male,Mumbai,2024-06-11,4.6
C01159,28,Female,Hyderabad,2025-11-21,4.6
C01160,40,Female,Chennai,2023-12-19,3.6
C01161,18,Female,Hyderabad,2024-11-30,3.3
C01162,63,Female,Mumbai,2024-06-22,3.3
C01163,54,Female,Hyderabad,2025-08-29,4.4
C01164,38,Male,Chennai,2025-01-31,4.3
C01165,43,Male,Mumbai,2025-08-17,4.6
C01166,63,Female,Bangalore,2023-10-05,4.9
C01167,53,Male,Chennai,2024-10-23,4.4
C01168,40,Female,Delhi,2025-06-03,3.3
C01169,18,Male,Chennai,2023-08-25,3.5
C01170,57,Male,Mumbai,2024-07-12,4.7
C01171,32,Female,Chennai,2024-04-04,3.4
C01172,38,Female,Bangalore,2024-01-14,3.1
C01173,64,Female,Bangalore,2024-05-23,4.4
C01174,26,Female,Delhi,2024-08-10,3.8
C01175,26,Male,Hyderabad,2023-08-25,4.8
C01176,27,Male,Mumbai,2025-11-12,4.3
C01177,43,Female,Mumbai,2024-02-25,3.2
C01178,58,Female,Hyderabad,2024-10-06,4.9
C01179,52,Male,Bangalore,2025-09-26,3.5
C01180,42,Female,Bangalore,2025-02-15,3.7
C01181,43,Male,Chennai,2026-02-15,3.8
C01182,28,Male,Delhi,2026-01-16,3.1
C01183,55,Male,Delhi,2023-11-03,4.0
C01184,19,Female,Delhi,2026-03-18,3.2
C01185,24,Female,Chennai,2023-10-02,3.8
C01186,35,Male,Delhi,2023-09-06,3.7
C01187,44,Female,Hyderabad,2026-05-22,4.5
C01188,51,Male,Chennai,2026-03-18,4.6
C01189,44,Male,Hyderabad,2025-05-09,3.3
C01190,34,Male,Chennai,2025-05-06,3.7
C01191,60,Male,Delhi,2025-10-02,3.7
C01192,61,Male,Hyderabad,2024-11-16,3.3
C01193,41,Female,Hyderabad,2023-12-21,4.6
C01194,42,Female,Hyderabad,2023-09-08,4.4
C01195,24,Female,Chennai,2024-08-06,3.4
C01196,23,Male,Mumbai,2026-01-11,3.7
C01197,41,Male,Delhi,2025-06-24,3.2
C01198,50,Male,Hyderabad,2026-02-13,4.3
C01199,46,Male,Mumbai,2026-05-21,3.2
C01200,60,Female,Delhi,2023-11-21,5.0
C01201,39,Male,Delhi,2026-02-27,4.6
C01202,43,Female,Hyderabad,2024-05-09,3.8
C01203,45,Female,Hyderabad,2025-05-23,4.2
C01204,38,Male,Chennai,2025-03-13,4.8
C01205,24,Female,Mumbai,2024-10-23,4.1
C01206,34,Female,Mumbai,2024-07-22,3.3
C01207,37,Female,Hyderabad,2024-08-23,3.8
C01208,58,Female,Delhi,2024-08-16,4.7
C01209,37,Male,Hyderabad,2024-02-17,4.3
C01210,39,Male,Delhi,2025-02-26,4.3
C01211,45,Male,Delhi,2023-12-19,4.7
C01212,57,Male,Hyderabad,2025-02-25,4.8
C01213,24,Female,Bangalore,2026-05-05,4.8
C01214,18,Male,Mumbai,2024-09-02,3.2
C01215,49,Female,Delhi,2025-10-22,4.1
C01216,30,Female,Delhi,2026-01-30,4.5
C01217,47,Male,Bangalore,2026-01-26,4.5
C01218,40,Male,Chennai,2024-05-01,4.2
C01219,36,Female,Bangalore,2024-01-24,3.3
C01220,49,Female,Bangalore,2024-03-20,4.6
C01221,47,Female,Delhi,2025-06-07,4.4
C01222,46,Male,Mumbai,2025-11-27,3.2
C01223,62,Male,Bangalore,2025-08-04,3.9
C01224,46,Male,Chennai,2024-02-27,3.3
C01225,47,Male,Hyderabad,2025-12-11,3.7
C01226,33,Female,Bangalore,2025-02-08,3.0
C01227,57,Female,Bangalore,2025-11-20,3.8
C01228,36,Female,Chennai,2025-11-26,4.1
C01229,35,Female,Mumbai,2024-12-21,4.2
C01230,18,Female,Bangalore,2026-05-25,4.3
C01231,31,Male,Bangalore,2025-04-26,4.7
C01232,64,Male,Mumbai,2025-07-13,3.4
C01233,19,Female,Chennai,2025-07-01,3.2
C01234,45,Male,Bangalore,2026-03-21,4.7
C01235,47,Female,Mumbai,2025-07-04,3.3
C01236,55,Female,Bangalore,2024-01-29,4.9
C01237,21,Male,Hyderabad,2023-10-30,4.7
C01238,18,Female,Delhi,2024-12-13,4.0
C01239,25,Female,Hyderabad,2024-07-13,5.0
C01240,46,Female,Bangalore,2024-06-13,3.2
C01241,56,Female,Chennai,2023-10-17,3.6
C01242,20,Female,Delhi,2025-02-23,4.3
C01243,49,Male,Hyderabad,2024-07-22,3.7
C01244,27,Male,Mumbai,2024-12-24,4.9
C01245,27,Female,Chennai,2023-10-18,3.1
C01246,36,Female,Hyderabad,2026-02-13,4.1
C01247,63,Male,Mumbai,2023-11-09,4.2
C01248,51,Male,Bangalore,2026-03-21,4.3
C01249,50,Female,Mumbai,2026-03-11,3.5
C01250,40,Female,Hyderabad,2025-06-21,3.7
C01251,45,Female,Hyderabad,2025-02-22,4.7
C01252,49,Female,Bangalore,2025-01-05,3.4
C01253,24,Male,Mumbai,2025-04-15,4.7
C01254,46,Male,Mumbai,2025-12-31,4.1
C01255,25,Female,Bangalore,2026-04-24,4.5
C01256,18,Male,Mumbai,2024-12-21,4.4
C01257,20,Male,Bangalore,2026-01-20,3.4
C01258,41,Male,Chennai,2025-07-31,4.1
C01259,40,Female,Hyderabad,2024-08-03,4.7
C01260,25,Female,Chennai,2025-01-19,3.9
C01261,64,Male,Delhi,2024-01-29,4.9
C01262,54,Male,Delhi,2023-10-23,3.9
C01263,20,Female,Delhi,2023-12-08,3.3
C01264,50,Other,Bangalore,2026-04-28,3.8
C01265,45,Male,Mumbai,2024-08-27,4.9
C01266,64,Female,Chennai,2025-10-07,3.6
C01267,25,Male,Chennai,2025-02-19,4.7
C01268,51,Female,Chennai,2024-02-22,4.8
C01269,52,Male,Chennai,2024-05-14,3.7
C01270,49,Male,Delhi,2024-12-08,3.2
C01271,41,Female,Chennai,2024-12-10,4.4
C01272,31,Female,Mumbai,2025-03-11,3.6
C01273,49,Male,Delhi,2024-02-06,4.6
C01274,63,Female,Chennai,2024-09-28,3.9
C01275,60,Male,Bangalore,2024-06-22,4.0
C01276,33,Female,Hyderabad,2024-11-07,4.6
C01277,21,Male,Hyderabad,2024-08-21,3.8
C01278,54,Female,Hyderabad,2025-06-02,3.9
C01279,38,Male,Delhi,2025-12-28,3.8
C01280,31,Female,Chennai,2025-07-26,3.7
C01281,48,Female,Delhi,2023-10-28,4.1
C01282,35,Female,Mumbai,2023-11-28,4.6
C01283,24,Female,Bangalore,2025-08-29,3.7
C01284,27,Female,Bangalore,2024-06-23,4.0
C01285,24,Male,Hyderabad,2025-10-18,4.3
C01286,50,Male,Hyderabad,2025-08-05,3.5
C01287,40,Female,Hyderabad,2026-05-06,3.6
C01288,38,Male,Chennai,2026-03-31,4.9
C01289,36,Female,Mumbai,2024-08-16,4.4
C01290,36,Other,Mumbai,2025-05-16,4.2
C01291,53,Male,Mumbai,2024-01-19,4.3
C01292,46,Female,Mumbai,2024-09-03,3.1
C01293,35,Male,Hyderabad,2026-07-12,4.2
C01294,19,Female,Bangalore,2025-09-20,4.0
C01295,18,Male,Hyderabad,2024-10-19,4.1
C01296,64,Male,Mumbai,2025-05-30,3.7
C01297,22,Female,Hyderabad,2026-06-10,3.2
C01298,37,Female,Mumbai,2024-07-21,3.4
C01299,28,Female,Delhi,2024-10-02,4.9
C01300,59,Female,Bangalore,2025-12-31,3.8
C01301,19,Male,Delhi,2026-01-24,3.9
C01302,20,Female,Chennai,2025-08-20,3.1
C01303,40,Male,Hyderabad,2026-02-10,3.1
C01304,29,Female,Chennai,2025-11-03,4.4
C01305,37,Female,Hyderabad,2025-09-06,4.1
C01306,22,Female,Delhi,2025-03-15,4.0
C01307,54,Female,Mumbai,2025-07-25,3.5
C01308,55,Male,Mumbai,2024-11-23,4.5
C01309,47,Female,Hyderabad,2024-09-16,3.3
C01310,26,Male,Mumbai,2024-09-17,3.4
C01311,51,Female,Delhi,2024-03-01,3.9
C01312,61,Male,Mumbai,2024-04-07,3.6
C01313,52,Female,Delhi,2026-06-20,3.5
C01314,39,Female,Chennai,2025-01-30,4.3
C01315,61,Male,Delhi,2024-04-21,4.3
C01316,41,Male,Bangalore,2024-01-14,4.6
C01317,34,Female,Bangalore,2023-11-09,3.8
C01318,27,Male,Bangalore,2026-02-27,3.1
C01319,47,Male,Hyderabad,2023-12-05,3.5
C01320,63,Male,Hyderabad,2025-12-08,5.0
C01321,40,Male,Hyderabad,2026-02-17,4.2
C01322,49,Female,Delhi,2026-04-11,4.4
C01323,34,Female,Hyderabad,2023-09-27,3.0
C01324,34,Male,Chennai,2024-08-20,4.0
C01325,31,Male,Bangalore,2025-12-03,3.1
C01326,26,Male,Delhi,2024-01-07,4.1
C01327,57,Male,Bangalore,2024-10-02,4.8
C01328,19,Male,Hyderabad,2024-02-10,4.9
C01329,62,Male,Delhi,2026-02-13,4.1
C01330,42,Male,Mumbai,2025-12-09,3.9
C01331,56,Female,Chennai,2026-01-19,4.9
C01332,26,Male,Hyderabad,2024-02-14,4.3
C01333,39,Female,Hyderabad,2024-12-08,3.1
C01334,60,Female,Chennai,2024-11-09,3.9
C01335,63,Female,Chennai,2025-08-27,3.5
C01336,21,Female,Mumbai,2024-05-03,3.9
C01337,43,Female,Hyderabad,2024-12-15,3.9
C01338,46,Female,Hyderabad,2024-06-24,4.2
C01339,62,Female,Bangalore,2025-11-14,3.7
C01340,51,Female,Delhi,2024-12-21,3.3
C01341,40,Female,Delhi,2025-03-24,4.0
C01342,54,Female,Bangalore,2024-07-21,4.7
C01343,28,Male,Delhi,2026-01-19,4.3
C01344,23,Male,Chennai,2025-01-12,3.7
C01345,35,Male,Delhi,2026-02-17,4.9
C01346,38,Female,Delhi,2024-09-23,4.8
C01347,59,Female,Bangalore,2026-06-20,3.4
C01348,53,Female,Mumbai,2026-07-30,3.1
C01349,58,Female,Delhi,2025-01-04,4.5
C01350,55,Male,Delhi,2024-06-20,4.7
C01351,51,Male,Mumbai,2024-10-08,4.9
C01352,34,Female,Bangalore,2025-03-17,4.8
C01353,54,Female,Mumbai,2026-07-11,4.2
C01354,42,Other,Bangalore,2026-01-28,4.1
C01355,55,Male,Chennai,2026-01-11,3.1
C01356,29,Female,Bangalore,2024-01-15,3.5
C01357,40,Female,Chennai,2024-05-17,3.9
C01358,59,Female,Chennai,2025-07-19,4.3
C01359,39,Female,Bangalore,2026-04-01,4.1
C01360,38,Female,Hyderabad,2025-04-15,4.5
C01361,44,Male,Bangalore,2023-12-07,3.6
C01362,48,Female,Delhi,2026-03-01,4.1
C01363,23,Female,Delhi,2026-03-06,3.2
C01364,44,Female,Hyderabad,2024-06-24,3.8
C01365,57,Female,Chennai,2025-11-30,4.5
C01366,51,Male,Hyderabad,2024-06-10,4.4
C01367,29,Male,Delhi,2026-05-05,5.0
C01368,62,Other,Hyderabad,2024-01-25,3.6
C01369,24,Female,Bangalore,2024-12-08,4.0
C01370,27,Female,Hyderabad,2026-06-19,3.7
C01371,62,Male,Chennai,2024-04-16,3.9
C01372,34,Female,Bangalore,2024-12-23,4.7
C01373,43,Female,Mumbai,2024-09-03,4.4
C01374,38,Female,Delhi,2023-09-15,4.8
C01375,45,Male,Delhi,2023-10-14,3.4
C01376,63,Female,Hyderabad,2025-02-17,4.7
C01377,19,Female,Bangalore,2024-05-01,3.1
C01378,60,Male,Mumbai,2026-08-10,4.8
C01379,18,Female,Bangalore,2024-09-30,3.7
C01380,53,Female,Delhi,2023-09-16,3.6
C01381,43,Female,Bangalore,2026-06-02,4.0
C01382,46,Female,Mumbai,2026-02-21,4.9
C01383,38,Male,Hyderabad,2025-07-29,3.1
C01384,28,Male,Chennai,2025-12-31,3.7
C01385,57,Male,Bangalore,2024-01-14,4.7
C01386,28,Male,Chennai,2024-06-26,3.8
C01387,53,Female,Delhi,2026-02-11,3.4
C01388,56,Male,Hyderabad,2025-09-17,3.8
C01389,57,Female,Hyderabad,2024-01-16,3.8
C01390,52,Other,Bangalore,2025-09-28,4.8
C01391,51,Female,Hyderabad,2024-12-20,4.5
C01392,64,Female,Bangalore,2023-08-22,4.0
C01393,41,Female,Bangalore,2023-11-11,5.0
C01394,39,Female,Chennai,2024-05-23,3.9
C01395,22,Male,Hyderabad,2026-02-17,3.1
C01396,50,Male,Bangalore,2025-04-09,3.5
C01397,53,Female,Chennai,2025-10-22,3.9
C01398,64,Female,Mumbai,2025-03-17,3.3
C01399,37,Female,Chennai,2023-12-16,4.9
C01400,36,Female,Chennai,2024-06-27,4.5
C01401,52,Female,Bangalore,2024-07-12,3.5
C01402,60,Male,Delhi,2023-10-08,4.2
C01403,34,Other,Delhi,2024-11-19,4.4
C01404,62,Female,Delhi,2026-01-03,4.9
C01405,60,Male,Chennai,2024-12-29,4.8
C01406,51,Female,Bangalore,2023-12-16,4.0
C01407,26,Male,Hyderabad,2026-05-05,4.5
C01408,43,Female,Chennai,2025-06-01,4.1
C01409,19,Female,Chennai,2023-09-04,4.1
C01410,26,Male,Bangalore,2025-03-03,3.2
C01411,26,Female,Mumbai,2024-05-08,3.3
C01412,57,Female,Chennai,2024-01-21,4.1
C01413,34,Male,Mumbai,2024-11-29,3.5
C01414,18,Male,Mumbai,2025-06-20,3.0
C01415,42,Female,Delhi,2024-05-06,4.4
C01416,60,Male,Bangalore,2024-11-15,3.1
C01417,57,Male,Mumbai,2025-08-14,4.2
C01418,59,Male,Bangalore,2023-11-18,4.1
C01419,42,Male,Delhi,2026-07-20,4.9
C01420,56,Female,Bangalore,2023-10-30,4.0
C01421,52,Female,Chennai,2025-03-15,3.1
C01422,20,Male,Mumbai,2025-02-23,4.1
C01423,54,Female,Bangalore,2026-08-04,4.7
C01424,61,Male,Hyderabad,2025-04-15,5.0
C01425,61,Female,Bangalore,2024-10-17,3.9
C01426,47,Other,Mumbai,2025-01-13,3.6
C01427,55,Male,Delhi,2025-07-13,4.8
C01428,51,Female,Delhi,2026-07-27,3.4
C01429,29,Female,Mumbai,2024-05-21,4.2
C01430,36,Male,Chennai,2023-09-03,3.8
C01431,54,Male,Chennai,2025-12-28,3.1
C01432,61,Male,Delhi,2024-08-28,3.7
C01433,34,Female,Delhi,2025-10-28,3.5
C01434,27,Other,Mumbai,2025-07-05,4.4
C01435,64,Female,Chennai,2025-12-09,4.9
C01436,29,Female,Delhi,2025-10-30,3.5
C01437,33,Female,Chennai,2024-08-15,4.6
C01438,41,Female,Delhi,2023-10-04,3.1
C01439,36,Female,Bangalore,2025-04-06,4.1
C01440,25,Male,Hyderabad,2026-01-24,3.1
C01441,48,Female,Bangalore,2024-02-24,4.9
C01442,38,Female,Delhi,2025-12-17,4.5
C01443,34,Male,Hyderabad,2025-01-07,4.3
C01444,40,Female,Hyderabad,2025-09-17,4.6
C01445,54,Male,Delhi,2025-07-09,4.3
C01446,33,Female,Delhi,2026-01-22,4.9
C01447,23,Female,Chennai,2023-10-25,4.4
C01448,25,Male,Delhi,2025-12-14,4.8
C01449,42,Male,Mumbai,2024-12-30,4.0
C01450,35,Male,Delhi,2024-07-03,3.2
C01451,42,Female,Mumbai,2023-10-04,4.1
C01452,29,Male,Delhi,2024-03-22,3.3
C01453,32,Female,Chennai,2023-10-01,4.2
C01454,43,Male,Mumbai,2026-06-04,4.0
C01455,58,Other,Bangalore,2025-03-03,4.2
C01456,62,Female,Mumbai,2026-08-05,3.0
C01457,43,Female,Chennai,2025-04-03,3.4
C01458,64,Female,Mumbai,2024-05-20,4.0
C01459,49,Female,Delhi,2025-11-19,4.9
C01460,27,Female,Delhi,2024-03-13,3.8
C01461,33,Male,Chennai,2024-09-11,3.8
C01462,24,Male,Hyderabad,2025-12-19,4.4
C01463,34,Male,Delhi,2026-03-22,4.2
C01464,40,Male,Bangalore,2024-08-14,3.6
C01465,43,Male,Chennai,2023-12-31,3.8
C01466,38,Female,Mumbai,2024-09-23,3.4
C01467,39,Other,Mumbai,2026-04-17,4.9
C01468,24,Male,Bangalore,2025-11-08,3.3
C01469,31,Female,Delhi,2026-04-23,3.7
C01470,32,Male,Chennai,2024-10-13,3.1
C01471,24,Female,Bangalore,2026-07-19,3.4
C01472,26,Female,Delhi,2025-02-10,4.6
C01473,25,Female,Chennai,2025-02-12,3.4
C01474,40,Other,Mumbai,2026-05-26,3.2
C01475,46,Male,Chennai,2025-03-08,3.9
C01476,35,Female,Hyderabad,2026-01-11,3.0
C01477,48,Female,Chennai,2025-10-21,3.2
C01478,47,Male,Hyderabad,2023-11-11,4.6
C01479,56,Female,Chennai,2025-06-07,4.5
C01480,52,Male,Hyderabad,2026-02-03,4.8
C01481,35,Female,Mumbai,2025-04-05,4.7
C01482,59,Male,Delhi,2024-08-03,4.4
C01483,56,Male,Hyderabad,2023-11-12,3.1
C01484,34,Female,Hyderabad,2025-08-10,4.6
C01485,31,Female,Mumbai,2024-07-17,4.7
C01486,48,Male,Hyderabad,2025-06-07,4.6
C01487,41,Male,Bangalore,2024-11-26,4.0
C01488,52,Female,Mumbai,2025-09-10,3.5
C01489,61,Male,Bangalore,2024-09-05,4.7
C01490,62,Male,Mumbai,2023-10-02,4.5
C01491,51,Female,Hyderabad,2026-03-27,5.0
C01492,20,Female,Bangalore,2024-09-06,3.3
C01493,54,Male,Hyderabad,2026-08-14,3.5
C01494,60,Female,Mumbai,2024-06-12,3.4
C01495,57,Female,Hyderabad,2026-07-26,4.6
C01496,43,Female,Bangalore,2026-06-20,3.4
C01497,40,Female,Bangalore,2023-11-07,3.1
C01498,61,Male,Hyderabad,2025-07-15,5.0
C01499,56,Male,Chennai,2024-09-18,3.0
C01500,32,Male,Mumbai,2026-01-11,4.7
C01501,21,Female,Mumbai,2025-08-30,3.7
C01502,46,Male,Hyderabad,2026-06-26,4.7
C01503,39,Female,Chennai,2024-01-20,4.1
C01504,42,Male,Bangalore,2025-06-12,4.8
C01505,30,Male,Delhi,2025-12-20,4.9
C01506,35,Female,Delhi,2023-09-24,3.0
C01507,50,Male,Hyderabad,2023-10-29,3.2
C01508,33,Male,Chennai,2025-12-17,3.5
C01509,62,Female,Chennai,2024-09-21,4.3
C01510,59,Male,Mumbai,2024-10-09,4.8
C01511,61,Female,Bangalore,2025-04-29,3.9
C01512,19,Female,Chennai,2025-06-10,4.2
C01513,52,Male,Delhi,2025-08-30,3.4
C01514,59,Female,Bangalore,2026-06-21,4.6
C01515,51,Female,Bangalore,2024-09-27,4.9
C01516,47,Male,Hyderabad,2025-11-30,3.5
C01517,30,Male,Chennai,2025-05-07,4.0
C01518,30,Male,Hyderabad,2025-03-19,3.2
C01519,35,Female,Chennai,2024-10-26,4.1
C01520,49,Male,Mumbai,2025-07-28,4.0
C01521,49,Female,Hyderabad,2024-05-16,3.3
C01522,52,Female,Hyderabad,2023-12-19,3.9
C01523,56,Female,Delhi,2025-10-31,3.7
C01524,63,Male,Hyderabad,2025-02-13,4.0
C01525,46,Male,Chennai,2024-10-14,4.2
C01526,46,Female,Delhi,2025-04-23,3.0
C01527,61,Male,Hyderabad,2024-05-29,4.5
C01528,33,Male,Hyderabad,2024-05-28,4.4
C01529,61,Male,Mumbai,2024-12-18,3.7
C01530,64,Male,Hyderabad,2026-08-13,3.1
C01531,27,Female,Bangalore,2024-06-24,4.5
C01532,47,Male,Delhi,2026-05-17,4.9
C01533,42,Male,Bangalore,2025-02-05,3.5
C01534,56,Male,Delhi,2023-12-29,3.6
C01535,37,Female,Mumbai,2026-03-08,3.4
C01536,22,Female,Hyderabad,2024-12-24,4.2
C01537,18,Male,Hyderabad,2026-04-27,3.3
C01538,47,Female,Hyderabad,2024-12-16,3.7
C01539,20,Female,Delhi,2023-11-21,4.4
C01540,62,Female,Hyderabad,2025-09-02,4.1
C01541,31,Female,Bangalore,2026-02-28,3.8
C01542,47,Male,Hyderabad,2024-08-01,3.8
C01543,21,Male,Mumbai,2024-08-31,4.1
C01544,35,Male,Bangalore,2023-10-27,3.0
C01545,54,Male,Hyderabad,2025-04-02,3.2
C01546,42,Other,Hyderabad,2026-04-19,4.8
C01547,18,Male,Chennai,2026-03-07,3.2
C01548,63,Male,Delhi,2025-10-05,4.4
C01549,32,Female,Bangalore,2026-05-29,4.8
C01550,26,Female,Chennai,2025-07-15,3.5
C01551,32,Male,Mumbai,2026-01-02,3.7
C01552,41,Male,Delhi,2025-02-24,4.1
C01553,21,Male,Bangalore,2023-12-28,4.8
C01554,29,Female,Hyderabad,2024-03-24,4.9
C01555,54,Male,Bangalore,2024-01-16,4.5
C01556,54,Male,Hyderabad,2025-12-30,3.2
C01557,60,Female,Delhi,2023-09-14,4.3
C01558,23,Male,Hyderabad,2025-04-15,3.8
C01559,56,Female,Mumbai,2024-09-24,3.9
C01560,63,Female,Hyderabad,2026-01-13,3.1
C01561,41,Male,Mumbai,2025-04-12,3.4
C01562,28,Female,Delhi,2025-06-17,4.6
C01563,30,Female,Delhi,2023-11-19,3.9
C01564,51,Male,Bangalore,2024-07-20,3.6
C01565,42,Female,Mumbai,2026-08-16,3.8
C01566,24,Female,Mumbai,2025-10-12,4.7
C01567,21,Female,Chennai,2025-03-15,4.5
C01568,25,Male,Chennai,2025-12-07,3.5
C01569,37,Other,Chennai,2026-02-04,3.2
C01570,46,Male,Hyderabad,2023-11-05,3.5
C01571,62,Male,Chennai,2026-07-17,4.8
C01572,63,Male,Mumbai,2025-07-21,4.2
C01573,27,Male,Hyderabad,2024-12-22,4.1
C01574,60,Female,Delhi,2025-08-31,4.2
C01575,51,Male,Bangalore,2024-08-28,3.7
C01576,43,Male,Chennai,2026-04-05,4.6
C01577,58,Female,Delhi,2025-12-19,4.0
C01578,20,Male,Mumbai,2025-07-18,3.2
C01579,23,Male,Bangalore,2024-03-03,3.3
C01580,22,Male,Delhi,2026-07-11,4.1
C01581,22,Male,Bangalore,2024-12-03,4.9
C01582,64,Male,Chennai,2026-05-11,3.6
C01583,40,Female,Mumbai,2023-10-16,4.7
C01584,26,Male,Bangalore,2023-12-31,4.5
C01585,52,Male,Delhi,2024-01-31,3.5
C01586,37,Female,Chennai,2024-02-13,3.1
C01587,59,Female,Chennai,2024-08-04,3.2
C01588,52,Male,Delhi,2025-10-02,4.5
C01589,35,Female,Delhi,2024-08-30,3.4
C01590,34,Male,Bangalore,2026-06-13,3.7
C01591,41,Female,Hyderabad,2026-04-23,4.0
C01592,20,Female,Chennai,2026-03-01,4.5
C01593,49,Male,Bangalore,2024-05-17,3.2
C01594,52,Female,Delhi,2025-07-13,3.8
C01595,55,Male,Bangalore,2025-04-11,4.0
C01596,30,Female,Delhi,2024-01-01,4.1
C01597,64,Male,Mumbai,2024-07-13,4.6
C01598,42,Female,Delhi,2025-03-23,3.3
C01599,26,Female,Delhi,2025-02-17,4.6
C01600,21,Female,Delhi,2024-02-17,4.4
C01601,31,Male,Hyderabad,2026-06-14,4.1
C01602,54,Female,Delhi,2024-02-01,4.4
C01603,51,Female,Chennai,2025-08-07,3.8
C01604,28,Female,Chennai,2025-10-14,3.3
C01605,58,Female,Bangalore,2025-06-10,4.3
C01606,20,Female,Hyderabad,2026-02-25,4.0
C01607,45,Male,Bangalore,2025-04-25,4.3
C01608,46,Male,Chennai,2026-02-06,3.7
C01609,26,Female,Chennai,2023-09-17,4.8
C01610,20,Male,Mumbai,2023-10-05,4.2
C01611,42,Other,Delhi,2025-07-20,3.2
C01612,51,Female,Chennai,2025-05-10,3.9
C01613,29,Female,Bangalore,2025-07-30,4.5
C01614,59,Male,Bangalore,2025-12-04,4.6
C01615,26,Female,Delhi,2024-11-15,4.0
C01616,32,Female,Delhi,2025-07-17,4.8
C01617,57,Female,Mumbai,2025-02-12,3.5
C01618,42,Female,Hyderabad,2025-07-04,3.8
C01619,22,Male,Bangalore,2024-06-29,4.8
C01620,28,Female,Delhi,2026-06-30,4.8
C01621,51,Female,Bangalore,2025-01-27,4.4
C01622,41,Male,Delhi,2026-01-14,4.7
C01623,32,Male,Chennai,2025-09-05,3.2
C01624,55,Female,Bangalore,2024-07-07,4.7
C01625,25,Female,Chennai,2023-11-04,3.6
C01626,22,Other,Bangalore,2023-10-21,3.4
C01627,43,Female,Hyderabad,2024-12-10,3.5
C01628,35,Male,Mumbai,2025-01-28,3.8
C01629,23,Male,Chennai,2024-03-27,3.5
C01630,54,Male,Delhi,2025-06-11,3.6
C01631,30,Male,Hyderabad,2024-07-24,3.3
C01632,45,Male,Bangalore,2025-10-12,3.6
C01633,22,Male,Chennai,2025-10-29,4.1
C01634,30,Male,Bangalore,2026-03-17,3.9
C01635,34,Female,Bangalore,2026-07-21,3.7
C01636,57,Male,Bangalore,2024-01-07,4.5
C01637,62,Female,Mumbai,2024-09-26,4.8
C01638,49,Female,Mumbai,2025-04-23,4.5
C01639,46,Male,Delhi,2024-07-31,3.7
C01640,20,Male,Chennai,2025-01-09,4.5
C01641,57,Male,Hyderabad,2024-06-05,3.3
C01642,51,Male,Hyderabad,2024-05-14,3.3
C01643,57,Female,Hyderabad,2023-12-01,3.7
C01644,44,Male,Bangalore,2024-06-30,4.6
C01645,30,Male,Mumbai,2024-10-11,3.5
C01646,62,Male,Chennai,2025-06-21,3.1
C01647,50,Other,Bangalore,2024-05-15,3.3
C01648,23,Female,Mumbai,2026-03-22,4.7
C01649,41,Female,Mumbai,2024-02-08,4.3
C01650,36,Male,Chennai,2024-08-09,3.5
C01651,33,Female,Chennai,2025-05-11,4.1
C01652,57,Female,Chennai,2024-07-24,4.1
C01653,45,Female,Bangalore,2025-11-30,4.3
C01654,50,Other,Delhi,2025-02-13,3.5
C01655,58,Male,Chennai,2025-03-03,4.7
C01656,30,Female,Delhi,2025-02-13,3.6
C01657,60,Female,Bangalore,2024-07-20,4.4
C01658,62,Male,Delhi,2023-09-11,3.0
C01659,42,Male,Hyderabad,2026-06-17,3.7
C01660,59,Other,Delhi,2025-02-20,3.7
C01661,53,Male,Chennai,2026-07-11,4.1
C01662,44,Female,Bangalore,2024-04-08,3.1
C01663,55,Other,Chennai,2024-09-06,4.6
C01664,24,Female,Hyderabad,2023-10-11,3.4
C01665,22,Male,Chennai,2025-02-09,4.4
C01666,60,Female,Chennai,2026-04-10,4.6
C01667,62,Male,Chennai,2025-08-03,4.1
C01668,48,Female,Mumbai,2025-01-13,4.5
C01669,40,Male,Hyderabad,2025-03-27,4.3
C01670,59,Female,Chennai,2026-03-02,3.7
C01671,27,Female,Chennai,2024-12-01,4.6
C01672,49,Female,Chennai,2026-04-10,3.6
C01673,60,Female,Bangalore,2025-10-22,4.1
C01674,47,Female,Mumbai,2025-12-01,4.5
C01675,56,Female,Bangalore,2024-09-21,3.8
C01676,48,Male,Mumbai,2024-10-29,3.6
C01677,35,Female,Chennai,2025-05-03,3.9
C01678,53,Male,Hyderabad,2024-03-17,4.6
C01679,19,Female,Delhi,2025-04-14,4.9
C01680,31,Male,Delhi,2023-11-05,4.1
C01681,30,Male,Chennai,2025-02-19,4.3
C01682,46,Female,Bangalore,2025-12-01,4.8
C01683,29,Male,Hyderabad,2024-06-18,3.2
C01684,56,Male,Mumbai,2026-08-05,3.5
C01685,19,Female,Chennai,2025-08-31,4.4
C01686,49,Female,Hyderabad,2023-12-25,4.6
C01687,30,Female,Hyderabad,2026-07-20,4.7
C01688,63,Male,Mumbai,2024-10-21,3.8
C01689,44,Female,Hyderabad,2026-01-04,3.2
C01690,58,Male,Bangalore,2024-08-22,3.9
C01691,34,Female,Bangalore,2026-06-11,3.5
C01692,57,Female,Bangalore,2025-11-21,3.6
C01693,48,Female,Hyderabad,2024-03-22,4.5
C01694,51,Male,Bangalore,2025-02-24,3.2
C01695,41,Male,Mumbai,2025-02-15,4.7
C01696,62,Male,Hyderabad,2023-10-05,3.9
C01697,52,Male,Delhi,2024-01-14,4.2
C01698,23,Male,Hyderabad,2024-08-16,3.2
C01699,36,Female,Mumbai,2025-01-17,3.7
C01700,47,Male,Delhi,2024-12-29,3.2
C01701,24,Female,Hyderabad,2025-06-11,4.9
C01702,27,Male,Bangalore,2025-03-03,4.6
C01703,58,Female,Chennai,2024-08-10,3.9
C01704,49,Female,Chennai,2025-06-18,3.4
C01705,51,Male,Bangalore,2024-02-11,4.9
C01706,45,Male,Chennai,2026-08-06,3.7
C01707,32,Female,Chennai,2025-11-04,3.3
C01708,47,Male,Bangalore,2024-07-09,4.1
C01709,54,Female,Bangalore,2024-08-19,4.9
C01710,46,Female,Hyderabad,2026-02-09,3.0
C01711,39,Female,Hyderabad,2025-03-22,3.5
C01712,21,Male,Bangalore,2025-10-01,4.9
C01713,37,Female,Mumbai,2024-07-10,3.3
C01714,49,Female,Chennai,2026-01-27,3.2
C01715,53,Female,Hyderabad,2024-09-23,4.1
C01716,21,Male,Chennai,2025-08-24,4.7
C01717,44,Female,Delhi,2026-07-25,4.0
C01718,34,Female,Bangalore,2025-05-17,5.0
C01719,29,Female,Mumbai,2026-01-06,4.4
C01720,39,Male,Delhi,2025-10-19,3.1
C01721,34,Female,Delhi,2025-09-09,5.0
C01722,27,Male,Delhi,2023-09-15,3.8
C01723,18,Female,Bangalore,2025-01-18,3.6
C01724,39,Female,Hyderabad,2026-07-11,4.1
C01725,43,Female,Bangalore,2025-12-22,3.6
C01726,35,Female,Hyderabad,2025-12-14,3.2
C01727,31,Male,Delhi,2025-05-11,3.0
C01728,64,Other,Delhi,2025-10-15,3.9
C01729,46,Male,Mumbai,2025-05-17,4.7
C01730,29,Female,Hyderabad,2024-02-19,4.1
C01731,53,Female,Delhi,2025-07-06,5.0
C01732,52,Female,Chennai,2025-06-26,3.6
C01733,29,Male,Mumbai,2026-02-23,3.6
C01734,24,Female,Bangalore,2024-01-25,3.3
C01735,46,Female,Mumbai,2025-09-01,3.3
C01736,28,Male,Chennai,2023-09-20,3.6
C01737,50,Female,Hyderabad,2026-06-21,4.6
C01738,23,Male,Bangalore,2023-12-15,4.8
C01739,64,Male,Bangalore,2023-09-06,5.0
C01740,32,Male,Hyderabad,2024-07-25,3.5
C01741,49,Male,Mumbai,2024-01-29,4.8
C01742,28,Female,Delhi,2025-09-11,3.7
C01743,40,Male,Mumbai,2024-11-08,3.2
C01744,43,Male,Chennai,2025-12-13,4.7
C01745,51,Male,Delhi,2026-05-21,4.3
C01746,63,Female,Mumbai,2026-03-30,3.3
C01747,51,Female,Hyderabad,2025-10-31,3.9
C01748,46,Male,Chennai,2023-10-24,3.6
C01749,21,Male,Chennai,2024-01-15,4.5
C01750,34,Female,Chennai,2024-03-31,3.9
C01751,52,Male,Delhi,2024-08-07,5.0
C01752,30,Female,Bangalore,2025-08-11,3.1
C01753,58,Male,Delhi,2025-03-14,3.7
C01754,56,Female,Mumbai,2024-07-25,4.0
C01755,32,Male,Bangalore,2024-02-22,4.0
C01756,46,Female,Mumbai,2026-05-12,3.6
C01757,46,Male,Bangalore,2024-08-26,4.5
C01758,28,Other,Delhi,2024-09-08,4.7
C01759,49,Male,Chennai,2025-12-10,4.9
C01760,19,Female,Hyderabad,2025-10-15,4.6
C01761,64,Male,Chennai,2025-07-22,4.7
C01762,31,Male,Delhi,2025-09-14,4.1
C01763,37,Female,Bangalore,2025-06-15,4.7
C01764,39,Male,Chennai,2024-03-14,3.6
C01765,28,Female,Delhi,2024-05-13,3.8
C01766,44,Female,Mumbai,2025-04-19,3.6
C01767,20,Female,Hyderabad,2024-04-19,3.9
C01768,34,Male,Chennai,2026-07-18,3.6
C01769,61,Female,Bangalore,2024-07-08,4.9
C01770,45,Male,Mumbai,2024-06-28,3.6
C01771,46,Female,Delhi,2024-03-31,3.2
C01772,38,Female,Hyderabad,2025-09-27,4.1
C01773,64,Female,Bangalore,2024-07-29,3.1
C01774,33,Female,Delhi,2024-09-02,3.2
C01775,54,Female,Delhi,2026-06-05,3.4
C01776,37,Male,Chennai,2026-01-04,3.9
C01777,23,Female,Chennai,2024-06-11,3.9
C01778,36,Male,Bangalore,2023-12-28,4.6
C01779,22,Female,Delhi,2025-08-27,4.5
C01780,20,Female,Chennai,2024-10-06,3.9
C01781,18,Female,Hyderabad,2026-07-26,3.7
C01782,55,Male,Hyderabad,2026-01-29,3.6
C01783,32,Female,Delhi,2026-06-28,4.5
C01784,51,Male,Chennai,2026-01-14,3.1
C01785,52,Male,Bangalore,2024-06-30,3.0
C01786,42,Male,Bangalore,2024-06-27,4.6
C01787,41,Male,Bangalore,2025-10-07,4.0
C01788,29,Male,Hyderabad,2024-08-30,3.3
C01789,35,Female,Chennai,2024-12-13,3.5
C01790,32,Male,Chennai,2024-05-24,4.9
C01791,61,Male,Hyderabad,2025-01-23,4.7
C01792,33,Female,Bangalore,2024-03-25,4.4
C01793,44,Male,Bangalore,2025-03-29,4.0
C01794,25,Female,Delhi,2026-06-04,4.0
C01795,63,Female,Mumbai,2025-09-18,5.0
C01796,42,Female,Chennai,2024-01-14,4.9
C01797,34,Female,Chennai,2025-06-21,3.4
C01798,46,Female,Chennai,2025-05-21,4.6
C01799,25,Female,Mumbai,2024-05-08,3.4
C01800,32,Male,Delhi,2025-08-20,3.4
C01801,44,Female,Mumbai,2025-03-21,4.4
C01802,63,Male,Bangalore,2025-07-16,3.8
C01803,24,Female,Bangalore,2023-10-13,4.9
C01804,20,Male,Chennai,2024-11-11,3.2
C01805,46,Female,Hyderabad,2025-10-11,4.0
C01806,61,Male,Chennai,2023-12-05,4.8
C01807,41,Female,Hyderabad,2025-12-08,4.8
C01808,20,Male,Mumbai,2023-08-22,3.3
C01809,37,Female,Bangalore,2025-04-11,3.7
C01810,63,Female,Hyderabad,2026-05-31,4.2
C01811,32,Male,Mumbai,2024-11-04,3.3
C01812,42,Female,Bangalore,2026-06-06,4.9
C01813,47,Female,Hyderabad,2026-04-05,4.8
C01814,31,Female,Chennai,2025-01-21,3.3
C01815,24,Male,Chennai,2024-03-22,3.2
C01816,34,Male,Chennai,2026-07-08,3.2
C01817,61,Male,Mumbai,2024-08-02,4.8
C01818,37,Male,Chennai,2025-07-24,3.4
C01819,53,Female,Delhi,2026-05-08,3.8
C01820,26,Male,Bangalore,2023-11-23,3.9
C01821,55,Female,Mumbai,2025-05-07,4.2
C01822,39,Male,Chennai,2025-03-25,3.1
C01823,19,Female,Bangalore,2025-10-17,3.5
C01824,41,Female,Hyderabad,2026-06-08,4.9
C01825,25,Female,Chennai,2026-05-13,4.8
C01826,28,Male,Bangalore,2024-02-24,4.6
C01827,30,Male,Delhi,2026-04-09,3.0
C01828,34,Male,Hyderabad,2024-02-25,3.7
C01829,25,Male,Delhi,2026-05-20,4.3
C01830,38,Male,Bangalore,2026-08-13,3.6
C01831,35,Male,Delhi,2024-10-25,4.8
C01832,47,Male,Bangalore,2025-02-09,4.3
C01833,35,Female,Bangalore,2026-06-08,3.1
C01834,63,Male,Delhi,2026-07-06,4.8
C01835,64,Female,Bangalore,2026-05-27,4.9
C01836,48,Male,Chennai,2026-04-03,3.2
C01837,55,Female,Bangalore,2023-08-27,4.1
C01838,49,Female,Mumbai,2025-04-30,3.6
C01839,28,Female,Bangalore,2023-12-12,3.8
C01840,62,Female,Mumbai,2026-07-29,3.4
C01841,42,Male,Bangalore,2024-06-23,4.2
C01842,50,Female,Bangalore,2026-08-05,4.9
C01843,55,Male,Delhi,2025-04-03,4.0
C01844,58,Male,Chennai,2025-02-08,3.2
C01845,25,Female,Chennai,2026-06-10,4.2
C01846,28,Female,Hyderabad,2026-03-06,3.7
C01847,39,Male,Delhi,2025-01-10,4.7
C01848,41,Female,Delhi,2024-03-15,3.9
C01849,58,Female,Chennai,2023-12-18,3.4
C01850,34,Male,Delhi,2024-02-11,3.4
C01851,29,Male,Chennai,2024-12-31,4.5
C01852,63,Male,Delhi,2024-05-24,3.5
C01853,49,Male,Bangalore,2024-03-08,4.5
C01854,32,Male,Chennai,2025-11-01,3.4
C01855,33,Male,Chennai,2025-12-30,3.6
C01856,39,Male,Mumbai,2025-04-30,3.9
C01857,45,Female,Delhi,2025-11-23,4.9
C01858,37,Female,Delhi,2024-02-25,4.9
C01859,50,Other,Chennai,2026-03-12,3.4
C01860,27,Male,Bangalore,2026-04-26,3.7
C01861,57,Female,Bangalore,2026-02-08,3.3
C01862,49,Female,Bangalore,2025-03-03,4.0
C01863,50,Female,Delhi,2023-11-20,3.9
C01864,19,Male,Mumbai,2025-08-19,4.8
C01865,50,Female,Chennai,2024-03-06,4.9
C01866,50,Male,Hyderabad,2024-01-18,3.8
C01867,58,Male,Mumbai,2024-08-05,4.0
C01868,30,Female,Hyderabad,2024-05-14,4.8
C01869,47,Female,Mumbai,2024-05-28,4.6
C01870,50,Male,Bangalore,2024-05-01,3.0
C01871,30,Female,Delhi,2025-11-20,3.6
C01872,43,Female,Hyderabad,2026-06-27,3.8
C01873,39,Female,Mumbai,2024-07-12,3.5
C01874,56,Female,Delhi,2025-10-17,3.4
C01875,19,Male,Hyderabad,2023-08-29,3.1
C01876,55,Other,Chennai,2025-08-02,4.3
C01877,56,Female,Mumbai,2025-09-14,3.5
C01878,43,Male,Chennai,2023-10-24,3.1
C01879,63,Female,Bangalore,2023-12-24,3.5
C01880,32,Female,Chennai,2024-07-18,4.6
C01881,51,Female,Chennai,2024-11-03,4.7
C01882,59,Female,Mumbai,2025-02-17,4.0
C01883,61,Female,Bangalore,2026-04-24,3.8
C01884,57,Female,Chennai,2025-09-26,5.0
C01885,28,Female,Delhi,2024-07-22,3.4
C01886,20,Female,Hyderabad,2023-12-23,3.4
C01887,23,Male,Chennai,2026-05-17,3.6
C01888,26,Female,Bangalore,2024-07-05,3.3
C01889,23,Male,Chennai,2025-06-20,3.8
C01890,26,Female,Hyderabad,2024-04-13,4.8
C01891,56,Female,Bangalore,2024-01-10,4.2
C01892,48,Female,Mumbai,2024-01-31,3.8
C01893,49,Female,Bangalore,2025-11-13,4.9
C01894,58,Female,Mumbai,2025-06-10,3.1
C01895,29,Male,Bangalore,2024-11-14,3.4
C01896,25,Female,Hyderabad,2025-04-09,4.1
C01897,25,Male,Hyderabad,2025-01-14,4.2
C01898,45,Male,Bangalore,2025-03-28,3.1
C01899,37,Male,Chennai,2025-08-13,3.8
C01900,64,Female,Hyderabad,2024-04-12,4.3
C01901,24,Female,Mumbai,2024-05-14,4.4
C01902,28,Female,Mumbai,2025-11-21,4.3
C01903,37,Male,Delhi,2026-03-30,3.6
C01904,33,Female,Mumbai,2023-11-14,3.2
C01905,21,Male,Delhi,2024-12-18,3.9
C01906,23,Male,Bangalore,2025-09-26,3.3
C01907,39,Female,Bangalore,2023-11-10,4.9
C01908,43,Male,Bangalore,2025-04-26,4.0
C01909,20,Male,Chennai,2023-10-23,3.6
C01910,58,Male,Chennai,2025-04-08,4.5
C01911,59,Male,Delhi,2025-02-21,4.0
C01912,31,Male,Mumbai,2025-05-05,3.6
C01913,28,Male,Mumbai,2024-01-28,4.6
C01914,35,Female,Bangalore,2024-08-10,4.7
C01915,29,Female,Hyderabad,2025-03-09,4.3
C01916,40,Female,Chennai,2023-12-22,3.1
C01917,29,Other,Chennai,2024-03-29,4.1
C01918,30,Male,Bangalore,2025-05-17,4.5
C01919,42,Female,Chennai,2023-11-24,3.3
C01920,62,Other,Bangalore,2025-02-26,3.5
C01921,36,Male,Delhi,2026-01-19,4.8
C01922,63,Female,Mumbai,2024-12-25,3.0
C01923,53,Male,Hyderabad,2025-03-01,4.5
C01924,62,Male,Mumbai,2024-12-29,3.9
C01925,25,Male,Mumbai,2023-10-19,3.9
C01926,46,Female,Delhi,2025-01-04,3.0
C01927,49,Female,Chennai,2026-01-17,4.6
C01928,61,Female,Hyderabad,2025-10-17,3.7
C01929,35,Male,Chennai,2024-10-23,4.1
C01930,23,Male,Mumbai,2026-01-27,4.4
C01931,35,Male,Bangalore,2025-11-11,4.4
C01932,36,Male,Mumbai,2025-05-11,4.9
C01933,39,Female,Chennai,2023-10-05,4.1
C01934,54,Male,Mumbai,2024-08-28,3.8
C01935,49,Female,Bangalore,2023-10-25,4.9
C01936,58,Female,Delhi,2026-08-10,4.3
C01937,20,Male,Chennai,2026-06-06,3.6
C01938,45,Female,Mumbai,2023-10-31,3.3
C01939,27,Male,Chennai,2026-06-05,4.7
C01940,52,Male,Delhi,2023-09-20,3.7
C01941,46,Male,Mumbai,2024-11-07,4.3
C01942,32,Female,Mumbai,2025-12-06,3.9
C01943,50,Male,Chennai,2025-12-03,3.4
C01944,24,Female,Chennai,2026-07-24,4.2
C01945,29,Female,Bangalore,2025-07-24,3.1
C01946,47,Male,Delhi,2024-11-19,3.8
C01947,38,Female,Bangalore,2026-08-09,4.1
C01948,48,Female,Mumbai,2024-10-09,3.9
C01949,41,Male,Chennai,2026-03-27,4.5
C01950,37,Male,Mumbai,2026-05-06,4.7
C01951,54,Female,Mumbai,2024-10-01,4.5
C01952,21,Male,Hyderabad,2025-09-03,3.1
C01953,45,Female,Hyderabad,2025-08-11,3.4
C01954,61,Male,Mumbai,2025-03-30,4.1
C01955,37,Male,Chennai,2025-08-02,4.9
C01956,41,Male,Mumbai,2024-09-01,4.7
C01957,49,Male,Hyderabad,2024-02-28,4.7
C01958,58,Female,Chennai,2025-03-27,3.6
C01959,53,Male,Mumbai,2025-03-18,3.9
C01960,51,Female,Delhi,2025-10-22,3.9
C01961,53,Female,Delhi,2024-04-17,3.3
C01962,19,Female,Mumbai,2023-08-20,3.1
C01963,32,Female,Chennai,2023-09-10,4.9
C01964,51,Male,Mumbai,2024-07-09,3.5
C01965,53,Male,Mumbai,2025-08-24,3.5
C01966,23,Female,Hyderabad,2025-04-04,3.2
C01967,56,Male,Delhi,2025-03-21,4.9
C01968,59,Female,Hyderabad,2026-02-04,4.2
C01969,29,Male,Hyderabad,2024-05-14,4.3
C01970,20,Female,Mumbai,2024-08-30,4.8
C01971,62,Female,Hyderabad,2024-06-14,3.7
C01972,35,Female,Delhi,2026-06-09,4.2
C01973,57,Female,Hyderabad,2025-10-19,3.1
C01974,38,Female,Delhi,2023-12-18,3.4
C01975,32,Female,Hyderabad,2026-01-20,4.7
C01976,50,Female,Delhi,2024-11-18,4.5
C01977,52,Male,Hyderabad,2025-12-03,3.7
C01978,43,Male,Hyderabad,2026-04-11,3.8
C01979,25,Male,Chennai,2023-09-03,4.1
C01980,53,Female,Delhi,2024-03-29,3.0
C01981,47,Male,Delhi,2023-12-05,3.5
C01982,40,Female,Delhi,2023-09-22,3.4
C01983,59,Female,Bangalore,2025-06-02,3.5
C01984,61,Female,Hyderabad,2025-09-25,4.6
C01985,31,Female,Delhi,2023-10-09,3.6
C01986,31,Male,Bangalore,2025-11-05,3.4
C01987,19,Female,Chennai,2024-10-30,4.0
C01988,54,Female,Delhi,2024-04-29,4.7
C01989,22,Male,Delhi,2024-04-11,3.5
C01990,55,Male,Bangalore,2026-03-20,3.2
C01991,62,Female,Hyderabad,2023-10-17,3.7
C01992,58,Female,Chennai,2025-02-19,4.5
C01993,64,Male,Delhi,2024-06-29,4.1
C01994,31,Female,Hyderabad,2026-01-27,4.6
C01995,56,Female,Chennai,2025-10-26,4.9
C01996,42,Male,Mumbai,2024-07-31,4.6
C01997,37,Other,Mumbai,2025-06-02,4.2
C01998,19,Female,Chennai,2025-08-23,4.0
C01999,56,Female,Bangalore,2024-08-02,3.1
C02000,23,Female,Chennai,2024-07-12,5.0
